t,x,y,z,yaw_deg,path_idx,target_x,target_y,eta_deg,cross_track_err
2.12,-0.0000,0.0000,0.5560,0.00,0,0.2500,0.4000,57.99,0.3536
2.25,-0.0000,0.0000,0.5933,0.00,0,0.2500,0.4000,57.99,0.3536
2.36,-0.0000,0.0000,0.6074,0.00,0,0.2500,0.4000,57.99,0.3536
2.45,-0.0007,-0.0023,0.6349,-0.32,0,0.2500,0.4000,58.39,0.3557
2.53,0.0002,0.0013,0.6498,-0.02,0,0.2500,0.4000,57.95,0.3525
2.65,0.0051,0.0171,0.6624,2.37,0,0.2500,0.4000,55.03,0.3380
2.77,0.0086,0.0325,0.6666,4.59,0,0.2500,0.4000,52.11,0.3249
2.88,0.0112,0.0473,0.6677,6.72,0,0.2500,0.4000,49.18,0.3132
2.99,0.0129,0.0598,0.6681,8.32,0,0.2500,0.4000,46.81,0.3039
3.09,0.0148,0.0723,0.6685,9.91,0,0.2500,0.4000,44.42,0.2948
3.20,0.0173,0.0873,0.6690,11.85,0,0.2500,0.4000,41.49,0.2839
3.31,0.0197,0.0997,0.6693,13.52,0,0.2500,0.4000,38.99,0.2750
3.55,0.0255,0.1294,0.6694,17.65,0,0.2500,0.4000,32.67,0.2549
3.70,0.0286,0.1468,0.6695,20.03,0,0.2500,0.4000,28.81,0.2443
3.80,0.0311,0.1591,0.6695,21.86,0,0.2500,0.4000,25.87,0.2370
3.93,0.0341,0.1766,0.6699,24.10,0,0.2500,0.4000,21.88,0.2280
4.06,0.0373,0.1914,0.6703,26.18,0,0.2500,0.4000,18.26,0.2207
4.20,0.0410,0.2087,0.6708,28.58,0,0.2500,0.4000,13.89,0.2130
4.34,0.0451,0.2260,0.6714,30.95,0,0.2500,0.4000,9.40,0.2063
4.48,0.0507,0.2452,0.6717,33.84,0,0.2500,0.4000,4.00,0.1993
4.62,0.0546,0.2598,0.6718,35.95,0,0.2500,0.4098,1.56,0.1954
4.73,0.0588,0.2745,0.6723,38.04,0,0.2500,0.4245,0.07,0.1912
4.95,0.0680,0.3005,0.6729,42.03,2,0.2500,0.4505,-2.54,0.1820
5.08,0.0729,0.3147,0.6729,44.24,2,0.2500,0.4647,-3.97,0.1771
5.21,0.0787,0.3312,0.6725,46.85,3,0.2500,0.4812,-5.63,0.1713
5.30,0.0826,0.3432,0.6725,48.67,3,0.2500,0.4932,-6.80,0.1674
5.41,0.0869,0.3550,0.6726,50.51,4,0.2500,0.5050,-7.91,0.1631
5.53,0.0920,0.3691,0.6723,52.75,4,0.2500,0.5191,-9.24,0.1580
5.65,0.0970,0.3833,0.6722,54.99,5,0.2500,0.5333,-10.56,0.1530
5.76,0.1012,0.3952,0.6722,56.86,5,0.2500,0.5452,-11.64,0.1488
5.82,0.1037,0.4022,0.6722,57.99,6,0.2500,0.5522,-12.28,0.1463
5.93,0.1087,0.4165,0.6722,60.24,6,0.2500,0.5665,-13.52,0.1413
6.03,0.1131,0.4283,0.6722,62.12,7,0.2500,0.5783,-14.51,0.1369
6.11,0.1166,0.4377,0.6722,63.62,7,0.2500,0.5877,-15.26,0.1334
6.33,0.1262,0.4636,0.6719,67.77,8,0.2500,0.6136,-17.30,0.1238
6.61,0.1384,0.4964,0.6713,73.04,9,0.2500,0.6464,-19.68,0.1116
6.71,0.1425,0.5083,0.6710,74.91,10,0.2500,0.6583,-20.55,0.1075
6.80,0.1460,0.5177,0.6709,76.41,10,0.2500,0.6677,-21.15,0.1040
6.89,0.1502,0.5295,0.6705,78.29,11,0.2500,0.6795,-21.93,0.0998
7.01,0.1546,0.5439,0.6700,80.53,11,0.2500,0.6939,-22.97,0.0954
7.12,0.1590,0.5557,0.6700,82.37,12,0.2500,0.7057,-23.62,0.0910
7.22,0.1636,0.5676,0.6703,84.08,12,0.2500,0.7176,-24.03,0.0864
7.34,0.1692,0.5816,0.6703,86.03,13,0.2500,0.7316,-24.34,0.0808
7.43,0.1737,0.5933,0.6704,87.33,13,0.2500,0.7433,-24.28,0.0763
7.52,0.1774,0.6027,0.6705,88.18,14,0.2500,0.7527,-24.00,0.0726
7.61,0.1822,0.6144,0.6706,89.01,14,0.2500,0.7644,-23.35,0.0678
7.70,0.1860,0.6236,0.6707,89.48,14,0.2500,0.7736,-22.57,0.0640
7.80,0.1911,0.6351,0.6706,89.90,15,0.2500,0.7851,-21.33,0.0589
7.90,0.1964,0.6464,0.6704,90.20,15,0.2500,0.7964,-19.88,0.0536
8.03,0.2036,0.6621,0.6698,90.41,16,0.2500,0.8121,-17.60,0.0464
8.15,0.2091,0.6756,0.6694,90.48,17,0.2500,0.8256,-15.73,0.0409
8.27,0.2143,0.6889,0.6688,90.52,17,0.2500,0.8389,-13.90,0.0357
8.39,0.2193,0.7023,0.6684,90.51,18,0.2500,0.8523,-12.08,0.0307
8.51,0.2236,0.7158,0.6682,90.48,18,0.2500,0.8658,-10.46,0.0264
8.68,0.2284,0.7337,0.6677,90.45,19,0.2500,0.8837,-8.64,0.0216
9.06,0.2367,0.7762,0.6659,90.37,21,0.2500,0.9262,-5.42,0.0133
9.18,0.2387,0.7896,0.6652,90.36,21,0.2500,0.9396,-4.68,0.0113
9.31,0.2410,0.8052,0.6642,90.33,22,0.2500,0.9552,-3.77,0.0090
9.43,0.2426,0.8166,0.6641,90.33,22,0.2500,0.9666,-3.16,0.0074
9.54,0.2438,0.8301,0.6638,90.33,23,0.2500,0.9801,-2.70,0.0062
9.66,0.2448,0.8436,0.6633,90.32,23,0.2500,0.9936,-2.31,0.0052
9.77,0.2457,0.8571,0.6628,90.32,24,0.2500,1.0071,-1.98,0.0043
9.88,0.2462,0.8684,0.6624,90.33,24,0.2500,1.0184,-1.76,0.0038
10.29,0.2476,0.9136,0.6607,90.33,26,0.2500,1.0636,-1.23,0.0024
10.39,0.2479,0.9271,0.6602,90.34,27,0.2500,1.0771,-1.13,0.0021
10.51,0.2482,0.9407,0.6598,90.33,27,0.2500,1.0907,-1.02,0.0018
10.57,0.2483,0.9452,0.6596,90.34,27,0.2500,1.0952,-0.98,0.0017
10.65,0.2485,0.9543,0.6595,90.34,28,0.2500,1.1043,-0.92,0.0015
10.74,0.2486,0.9657,0.6592,90.34,28,0.2500,1.1157,-0.88,0.0014
10.84,0.2487,0.9770,0.6590,90.34,29,0.2500,1.1270,-0.84,0.0013
10.93,0.2488,0.9861,0.6588,90.34,29,0.2500,1.1361,-0.81,0.0012
11.02,0.2489,0.9975,0.6586,90.34,29,0.2500,1.1475,-0.78,0.0011
11.51,0.2491,1.0521,0.6577,90.34,32,0.2500,1.2021,-0.69,0.0009
11.61,0.2491,1.0658,0.6575,90.34,32,0.2500,1.2158,-0.68,0.0009
11.71,0.2491,1.0749,0.6574,90.34,32,0.2500,1.2249,-0.67,0.0009
11.80,0.2492,1.0863,0.6573,90.34,33,0.2500,1.2363,-0.65,0.0008
11.91,0.2492,1.0977,0.6572,90.34,33,0.2500,1.2477,-0.64,0.0008
12.03,0.2492,1.1114,0.6571,90.34,34,0.2500,1.2614,-0.63,0.0008
12.14,0.2492,1.1251,0.6570,90.34,35,0.2500,1.2751,-0.63,0.0008
12.57,0.2493,1.1731,0.6567,90.34,36,0.2500,1.3231,-0.62,0.0007
12.66,0.2493,1.1845,0.6567,90.34,37,0.2500,1.3345,-0.62,0.0007
12.75,0.2493,1.1936,0.6567,90.34,37,0.2500,1.3436,-0.62,0.0007
12.88,0.2493,1.2096,0.6566,90.34,38,0.2500,1.3596,-0.62,0.0007
12.98,0.2493,1.2210,0.6566,90.34,38,0.2500,1.3710,-0.62,0.0007
13.07,0.2493,1.2302,0.6566,90.34,39,0.2500,1.3802,-0.62,0.0007
13.18,0.2493,1.2439,0.6565,90.34,39,0.2500,1.3939,-0.62,0.0007
13.28,0.2493,1.2553,0.6565,90.34,40,0.2500,1.4053,-0.62,0.0007
13.37,0.2493,1.2645,0.6565,90.34,40,0.2500,1.4145,-0.62,0.0007
13.47,0.2493,1.2759,0.6565,90.34,41,0.2500,1.4259,-0.62,0.0007
13.56,0.2493,1.2873,0.6564,90.34,41,0.2500,1.4373,-0.62,0.0007
13.66,0.2493,1.2988,0.6564,90.34,41,0.2500,1.4488,-0.62,0.0007
13.81,0.2493,1.3125,0.6564,90.34,42,0.2500,1.4625,-0.62,0.0007
14.08,0.2493,1.3422,0.6564,90.34,43,0.2500,1.4922,-0.62,0.0007
14.23,0.2493,1.3605,0.6564,90.34,44,0.2500,1.5105,-0.62,0.0007
14.37,0.2493,1.3742,0.6564,90.34,44,0.2500,1.5242,-0.62,0.0007
14.49,0.2493,1.3902,0.6563,90.34,45,0.2500,1.5402,-0.62,0.0007
14.61,0.2493,1.4040,0.6563,90.34,46,0.2500,1.5540,-0.62,0.0007
14.74,0.2493,1.4177,0.6563,90.34,46,0.2500,1.5677,-0.62,0.0007
14.87,0.2493,1.4337,0.6563,90.34,47,0.2500,1.5837,-0.62,0.0007
14.99,0.2493,1.4451,0.6563,90.34,47,0.2500,1.5951,-0.62,0.0007
15.10,0.2493,1.4588,0.6563,90.34,48,0.2500,1.6088,-0.62,0.0007
15.22,0.2493,1.4726,0.6563,90.34,48,0.2500,1.6226,-0.62,0.0007
15.35,0.2493,1.4863,0.6563,90.34,49,0.2500,1.6363,-0.62,0.0007
15.49,0.2493,1.5046,0.6563,90.34,50,0.2500,1.6546,-0.62,0.0007
15.63,0.2493,1.5206,0.6563,90.34,50,0.2500,1.6706,-0.62,0.0007
15.78,0.2493,1.5366,0.6563,90.34,51,0.2500,1.6866,-0.62,0.0007
15.89,0.2493,1.5503,0.6563,90.34,52,0.2500,1.7003,-0.62,0.0007
16.01,0.2493,1.5641,0.6563,90.34,52,0.2500,1.7141,-0.62,0.0007
16.16,0.2493,1.5801,0.6563,90.34,53,0.2500,1.7301,-0.62,0.0007
16.29,0.2493,1.5961,0.6563,90.34,53,0.2500,1.7461,-0.62,0.0007
16.44,0.2493,1.6121,0.6563,90.34,54,0.2500,1.7621,-0.62,0.0007
16.55,0.2493,1.6258,0.6563,90.34,55,0.2500,1.7758,-0.62,0.0007
16.67,0.2493,1.6395,0.6563,90.34,55,0.2500,1.7895,-0.62,0.0007
16.82,0.2493,1.6555,0.6563,90.34,56,0.2500,1.8055,-0.62,0.0007
16.95,0.2493,1.6716,0.6563,90.34,56,0.2500,1.8216,-0.62,0.0007
17.11,0.2493,1.6876,0.6563,90.34,57,0.2500,1.8376,-0.62,0.0007
17.25,0.2493,1.7059,0.6563,90.34,58,0.2500,1.8559,-0.62,0.0007
17.39,0.2493,1.7196,0.6563,90.34,58,0.2500,1.8696,-0.62,0.0007
17.53,0.2493,1.7356,0.6563,90.34,59,0.2500,1.8856,-0.62,0.0007
17.68,0.2493,1.7539,0.6563,90.34,60,0.2500,1.9039,-0.62,0.0007
17.84,0.2493,1.7722,0.6563,90.34,60,0.2500,1.9222,-0.62,0.0007
17.98,0.2493,1.7882,0.6563,90.34,61,0.2500,1.9382,-0.62,0.0007
18.12,0.2493,1.8019,0.6563,90.34,62,0.2500,1.9519,-0.62,0.0007
18.26,0.2493,1.8179,0.6563,90.34,62,0.2500,1.9679,-0.62,0.0007
18.40,0.2493,1.8340,0.6563,90.34,63,0.2500,1.9840,-0.62,0.0007
18.51,0.2493,1.8477,0.6563,90.34,63,0.2500,1.9977,-0.62,0.0007
18.64,0.2493,1.8614,0.6563,90.34,64,0.2507,2.0114,-0.90,0.0007
18.78,0.2493,1.8774,0.6563,90.34,65,0.2520,2.0273,-1.39,0.0007
18.91,0.2493,1.8934,0.6563,90.33,65,0.2545,2.0431,-2.33,0.0007
19.05,0.2493,1.9095,0.6564,90.24,66,0.2578,2.0588,-3.52,0.0007
19.20,0.2494,1.9255,0.6566,90.08,67,0.2618,2.0743,-4.83,0.0006
19.31,0.2496,1.9393,0.6569,89.77,67,0.2663,2.0873,-6.21,0.0004
19.42,0.2500,1.9508,0.6573,89.33,68,0.2702,2.0981,-7.16,0.0000
19.56,0.2511,1.9669,0.6578,88.48,68,0.2774,2.1125,-8.71,0.0011
19.68,0.2524,1.9806,0.6581,87.59,69,0.2839,2.1245,-9.94,0.0024
19.82,0.2545,1.9966,0.6585,86.22,69,0.2924,2.1381,-11.21,0.0045
19.96,0.2573,2.0125,0.6590,84.33,70,0.3019,2.1512,-12.15,0.0065
20.09,0.2613,2.0280,0.6591,82.23,71,0.3123,2.1641,-12.77,0.0090
20.20,0.2644,2.0389,0.6589,80.49,71,0.3199,2.1725,-13.03,0.0105
20.34,0.2697,2.0539,0.6587,78.02,72,0.3318,2.1843,-13.49,0.0127
20.47,0.2750,2.0664,0.6585,75.90,72,0.3419,2.1932,-13.71,0.0148
20.61,0.2819,2.0806,0.6581,73.44,73,0.3556,2.2033,-14.42,0.0169
20.75,0.2895,2.0944,0.6577,70.97,74,0.3705,2.2130,-15.31,0.0189
20.91,0.3002,2.1114,0.6572,67.80,75,0.3898,2.2237,-16.39,0.0208
21.04,0.3078,2.1224,0.6570,65.69,75,0.4019,2.2292,-17.06,0.0214
21.16,0.3161,2.1329,0.6569,63.57,76,0.4162,2.2350,-18.02,0.0223
21.27,0.3248,2.1431,0.6567,61.46,76,0.4289,2.2393,-18.72,0.0231
21.39,0.3342,2.1528,0.6566,59.34,77,0.4441,2.2431,-19.95,0.0238
21.54,0.3456,2.1635,0.6565,56.86,78,0.4621,2.2465,-21.40,0.0247
21.68,0.3576,2.1733,0.6564,54.39,78,0.4774,2.2483,-22.37,0.0253
21.75,0.3648,2.1785,0.6564,52.98,79,0.4891,2.2490,-23.42,0.0255
21.87,0.3740,2.1847,0.6563,51.23,79,0.5002,2.2493,-24.13,0.0257
22.01,0.3874,2.1928,0.6563,48.74,80,0.5181,2.2488,-25.54,0.0259
22.13,0.4012,2.1998,0.6563,46.27,81,0.5360,2.2472,-26.90,0.0265
22.27,0.4135,2.2050,0.6562,44.15,81,0.5491,2.2446,-27.88,0.0268
22.40,0.4280,2.2104,0.6560,41.68,82,0.5667,2.2401,-29.59,0.0271
22.54,0.4430,2.2149,0.6561,39.18,83,0.5848,2.2345,-31.33,0.0273
22.65,0.4539,2.2173,0.6561,37.40,83,0.5951,2.2304,-32.12,0.0272
22.77,0.4690,2.2200,0.6559,34.93,84,0.6114,2.2231,-33.67,0.0271
22.91,0.4845,2.2216,0.6560,32.43,84,0.6253,2.2161,-34.69,0.0273
23.05,0.5002,2.2220,0.6561,29.92,85,0.6405,2.2061,-36.37,0.0273
23.17,0.5113,2.2215,0.6561,28.15,86,0.6515,2.1981,-37.61,0.0277
23.29,0.5268,2.2200,0.6560,25.64,86,0.6635,2.1882,-38.74,0.0282
23.44,0.5421,2.2177,0.6561,23.13,87,0.6773,2.1751,-40.60,0.0278
23.55,0.5551,2.2146,0.6562,20.95,88,0.6882,2.1635,-41.93,0.0278
23.67,0.5656,2.2114,0.6561,19.17,88,0.6954,2.1551,-42.63,0.0279
23.81,0.5821,2.2055,0.6560,16.32,89,0.7072,2.1389,-44.36,0.0279
23.96,0.5964,2.1990,0.6561,13.78,90,0.7168,2.1234,-45.90,0.0283
24.09,0.6100,2.1916,0.6560,11.30,90,0.7240,2.1097,-47.00,0.0288
24.24,0.6232,2.1836,0.6560,8.75,91,0.7315,2.0923,-48.88,0.0284
24.39,0.6358,2.1743,0.6561,6.18,92,0.7377,2.0750,-50.46,0.0283
24.52,0.6475,2.1644,0.6559,3.69,93,0.7429,2.0578,-51.88,0.0286
24.66,0.6587,2.1537,0.6560,1.13,93,0.7459,2.0426,-53.00,0.0283
24.80,0.6690,2.1420,0.6561,-1.38,94,0.7482,2.0245,-54.61,0.0286
24.94,0.6786,2.1297,0.6562,-3.95,95,0.7495,2.0057,-56.31,0.0289
25.08,0.6873,2.1167,0.6563,-6.53,95,0.7499,1.9901,-57.18,0.0289
25.30,0.6970,2.0993,0.6563,-9.77,96,0.7500,1.9670,-58.38,0.0287
25.42,0.7017,2.0892,0.6563,-11.63,97,0.7500,1.9532,-58.84,0.0287
25.54,0.7074,2.0748,0.6562,-14.12,97,0.7500,1.9377,-58.62,0.0289
25.64,0.7103,2.0666,0.6560,-15.55,98,0.7500,1.9263,-58.66,0.0287
25.75,0.7143,2.0539,0.6560,-17.71,98,0.7500,1.9131,-58.05,0.0286
25.87,0.7175,2.0409,0.6560,-19.85,99,0.7500,1.8967,-57.45,0.0282
25.99,0.7202,2.0278,0.6560,-21.95,100,0.7500,1.8800,-56.66,0.0277
26.09,0.7221,2.0167,0.6561,-23.69,100,0.7500,1.8688,-55.64,0.0266
26.21,0.7241,2.0034,0.6562,-25.73,101,0.7500,1.8541,-54.43,0.0254
26.30,0.7252,1.9944,0.6565,-27.08,101,0.7500,1.8450,-53.51,0.0245
26.41,0.7268,1.9806,0.6569,-29.14,102,0.7500,1.8306,-52.07,0.0232
26.53,0.7280,1.9668,0.6571,-31.20,102,0.7500,1.8168,-50.46,0.0220
26.63,0.7288,1.9552,0.6575,-32.89,103,0.7500,1.8052,-49.08,0.0212
26.75,0.7297,1.9413,0.6578,-34.95,103,0.7500,1.7913,-47.34,0.0203
26.89,0.7303,1.9250,0.6582,-37.31,104,0.7500,1.7750,-45.21,0.0197
27.01,0.7308,1.9111,0.6585,-39.34,104,0.7500,1.7611,-43.36,0.0192
27.13,0.7312,1.8971,0.6588,-41.34,105,0.7500,1.7471,-41.50,0.0188
27.24,0.7317,1.8832,0.6592,-43.39,106,0.7500,1.7332,-39.65,0.0183
27.36,0.7320,1.8694,0.6593,-45.45,106,0.7500,1.7194,-37.71,0.0180
27.48,0.7321,1.8555,0.6596,-47.48,107,0.7500,1.7055,-35.73,0.0179
27.60,0.7323,1.8416,0.6599,-49.51,107,0.7500,1.6916,-33.76,0.0177
27.72,0.7325,1.8301,0.6601,-51.20,108,0.7500,1.6801,-32.13,0.0175
27.81,0.7327,1.8185,0.6603,-52.90,108,0.7500,1.6685,-30.53,0.0173
27.91,0.7330,1.8071,0.6604,-54.65,109,0.7500,1.6571,-28.90,0.0170
27.99,0.7330,1.7979,0.6604,-56.01,109,0.7500,1.6479,-27.53,0.0170
28.09,0.7330,1.7863,0.6605,-57.73,109,0.7500,1.6363,-25.82,0.0170
28.21,0.7330,1.7725,0.6606,-59.80,110,0.7500,1.6225,-23.75,0.0170
28.33,0.7330,1.7587,0.6609,-61.84,111,0.7500,1.6087,-21.70,0.0170
28.45,0.7334,1.7449,0.6610,-63.92,111,0.7500,1.5949,-19.76,0.0166
28.59,0.7335,1.7289,0.6609,-66.35,112,0.7500,1.5789,-17.38,0.0165
28.64,0.7334,1.7220,0.6609,-67.38,112,0.7500,1.5720,-16.32,0.0166
28.74,0.7334,1.7128,0.6610,-68.78,112,0.7500,1.5628,-14.93,0.0166
28.84,0.7335,1.7013,0.6611,-70.51,113,0.7500,1.5513,-13.21,0.0165
28.95,0.7338,1.6876,0.6612,-72.59,113,0.7500,1.5376,-11.23,0.0162
29.08,0.7341,1.6738,0.6613,-74.70,114,0.7500,1.5238,-9.24,0.0159
29.21,0.7342,1.6578,0.6613,-77.15,115,0.7500,1.5078,-6.85,0.0158
29.33,0.7343,1.6440,0.6613,-79.25,115,0.7500,1.4940,-4.78,0.0157
29.45,0.7346,1.6303,0.6614,-81.35,116,0.7500,1.4803,-2.80,0.0154
29.55,0.7347,1.6188,0.6612,-83.10,116,0.7500,1.4688,-1.07,0.0153
29.67,0.7347,1.6051,0.6613,-85.00,117,0.7500,1.4551,0.84,0.0153
29.76,0.7347,1.5936,0.6616,-86.25,117,0.7500,1.4436,2.07,0.0153
29.88,0.7350,1.5798,0.6620,-87.44,118,0.7500,1.4298,3.16,0.0150
30.02,0.7354,1.5661,0.6623,-88.22,118,0.7500,1.4161,3.77,0.0146
30.14,0.7362,1.5524,0.6624,-88.74,119,0.7500,1.4024,4.02,0.0138
30.24,0.7370,1.5410,0.6624,-89.06,119,0.7500,1.3910,4.02,0.0130
30.34,0.7379,1.5297,0.6622,-89.33,120,0.7500,1.3797,3.95,0.0121
30.44,0.7388,1.5184,0.6619,-89.51,120,0.7500,1.3684,3.79,0.0112
30.53,0.7397,1.5071,0.6615,-89.62,121,0.7500,1.3571,3.54,0.0103
30.63,0.7407,1.4958,0.6612,-89.69,121,0.7500,1.3458,3.25,0.0093
30.76,0.7418,1.4823,0.6607,-89.73,122,0.7500,1.3323,2.86,0.0082
30.89,0.7431,1.4665,0.6602,-89.75,122,0.7500,1.3165,2.40,0.0069
31.04,0.7442,1.4506,0.6598,-89.74,123,0.7500,1.3006,1.94,0.0058
31.25,0.7457,1.4279,0.6594,-89.71,124,0.7500,1.2779,1.37,0.0043
31.41,0.7466,1.4097,0.6591,-89.70,125,0.7500,1.2597,0.98,0.0034
31.55,0.7474,1.3938,0.6589,-89.68,125,0.7500,1.2438,0.67,0.0026
31.67,0.7479,1.3801,0.6587,-89.67,126,0.7500,1.2301,0.46,0.0021
31.79,0.7484,1.3665,0.6586,-89.67,126,0.7500,1.2165,0.26,0.0016
31.93,0.7489,1.3505,0.6585,-89.66,127,0.7500,1.2005,0.07,0.0011
32.07,0.7493,1.3346,0.6583,-89.66,128,0.7500,1.1846,-0.06,0.0007
32.22,0.7495,1.3187,0.6581,-89.66,128,0.7500,1.1687,-0.16,0.0005
32.35,0.7498,1.3027,0.6579,-89.66,129,0.7500,1.1527,-0.26,0.0002
32.50,0.7500,1.2868,0.6578,-89.66,129,0.7500,1.1368,-0.32,0.0000
32.64,0.7501,1.2686,0.6576,-89.66,130,0.7500,1.1186,-0.39,0.0001
32.79,0.7503,1.2526,0.6574,-89.66,131,0.7500,1.1026,-0.44,0.0003
32.94,0.7503,1.2366,0.6573,-89.66,131,0.7500,1.0866,-0.47,0.0003
33.09,0.7504,1.2184,0.6572,-89.66,132,0.7500,1.0684,-0.50,0.0004
33.22,0.7505,1.2024,0.6571,-89.66,133,0.7500,1.0524,-0.52,0.0005
33.34,0.7505,1.1910,0.6570,-89.66,133,0.7500,1.0410,-0.54,0.0005
33.45,0.7506,1.1773,0.6569,-89.66,134,0.7500,1.0273,-0.55,0.0006
33.58,0.7506,1.1636,0.6568,-89.66,134,0.7500,1.0136,-0.56,0.0006
33.73,0.7506,1.1453,0.6568,-89.66,135,0.7500,0.9953,-0.57,0.0006
33.85,0.7506,1.1316,0.6567,-89.66,136,0.7500,0.9816,-0.58,0.0006
33.98,0.7507,1.1179,0.6567,-89.66,136,0.7500,0.9679,-0.59,0.0007
34.11,0.7507,1.1019,0.6566,-89.66,137,0.7500,0.9519,-0.59,0.0007
34.23,0.7507,1.0882,0.6566,-89.66,137,0.7500,0.9382,-0.60,0.0007
34.36,0.7507,1.0745,0.6565,-89.66,138,0.7500,0.9245,-0.60,0.0007
34.48,0.7507,1.0608,0.6565,-89.66,138,0.7500,0.9108,-0.60,0.0007
34.59,0.7507,1.0470,0.6565,-89.66,139,0.7500,0.8970,-0.61,0.0007
34.71,0.7507,1.0333,0.6565,-89.66,140,0.7500,0.8833,-0.61,0.0007
34.85,0.7507,1.0173,0.6564,-89.66,140,0.7500,0.8673,-0.61,0.0007
35.00,0.7507,1.0013,0.6564,-89.66,141,0.7500,0.8513,-0.61,0.0007
35.11,0.7507,0.9899,0.6564,-89.66,141,0.7500,0.8399,-0.61,0.0007
35.23,0.7507,0.9739,0.6564,-89.66,142,0.7500,0.8239,-0.61,0.0007
35.32,0.7507,0.9647,0.6564,-89.66,142,0.7500,0.8147,-0.61,0.0007
35.46,0.7507,0.9487,0.6564,-89.66,143,0.7500,0.7987,-0.62,0.0007
35.60,0.7507,0.9327,0.6564,-89.66,144,0.7500,0.7827,-0.62,0.0007
35.72,0.7507,0.9190,0.6563,-89.66,144,0.7500,0.7690,-0.62,0.0007
35.87,0.7507,0.9030,0.6563,-89.66,145,0.7500,0.7530,-0.62,0.0007
36.00,0.7507,0.8870,0.6563,-89.66,145,0.7500,0.7370,-0.62,0.0007
36.16,0.7507,0.8710,0.6563,-89.66,146,0.7500,0.7210,-0.62,0.0007
36.29,0.7507,0.8550,0.6563,-89.66,147,0.7500,0.7050,-0.62,0.0007
36.40,0.7507,0.8412,0.6563,-89.66,147,0.7500,0.6912,-0.62,0.0007
36.55,0.7507,0.8252,0.6563,-89.66,148,0.7500,0.6752,-0.62,0.0007
36.67,0.7507,0.8115,0.6563,-89.66,148,0.7500,0.6615,-0.62,0.0007
36.82,0.7507,0.7932,0.6563,-89.66,149,0.7500,0.6432,-0.62,0.0007
36.97,0.7507,0.7772,0.6563,-89.66,150,0.7500,0.6272,-0.62,0.0007
37.11,0.7507,0.7612,0.6563,-89.66,150,0.7500,0.6112,-0.62,0.0007
37.25,0.7507,0.7452,0.6563,-89.66,151,0.7500,0.5952,-0.62,0.0007
37.43,0.7507,0.7246,0.6563,-89.66,152,0.7500,0.5746,-0.62,0.0007
37.56,0.7507,0.7109,0.6563,-89.66,152,0.7500,0.5609,-0.62,0.0007
37.69,0.7507,0.6949,0.6563,-89.66,153,0.7500,0.5449,-0.62,0.0007
37.87,0.7507,0.6743,0.6563,-89.66,154,0.7500,0.5243,-0.62,0.0007
38.03,0.7507,0.6560,0.6563,-89.66,155,0.7502,0.5060,-0.56,0.0007
38.19,0.7507,0.6400,0.6563,-89.66,155,0.7508,0.4900,-0.32,0.0007
38.33,0.7507,0.6217,0.6563,-89.66,156,0.7524,0.4718,0.28,0.0007
38.48,0.7507,0.6056,0.6563,-89.62,157,0.7544,0.4559,1.03,0.0007
38.62,0.7508,0.5896,0.6564,-89.54,157,0.7575,0.4402,2.13,0.0008
38.74,0.7509,0.5758,0.6566,-89.34,158,0.7614,0.4270,3.37,0.0009
38.86,0.7512,0.5621,0.6569,-89.06,158,0.7658,0.4139,4.68,0.0012
39.00,0.7518,0.5460,0.6572,-88.56,159,0.7721,0.3992,6.44,0.0018
39.15,0.7527,0.5299,0.6577,-87.68,160,0.7790,0.3847,7.93,0.0027
39.33,0.7551,0.5093,0.6585,-85.93,161,0.7891,0.3666,9.36,0.0050
39.54,0.7593,0.4867,0.6589,-83.50,161,0.8019,0.3478,10.56,0.0083
39.72,0.7637,0.4690,0.6590,-81.07,162,0.8141,0.3336,11.51,0.0109
39.80,0.7663,0.4602,0.6591,-79.75,163,0.8209,0.3262,11.92,0.0125
39.87,0.7692,0.4515,0.6590,-78.29,163,0.8275,0.3200,12.21,0.0136
39.97,0.7732,0.4409,0.6589,-76.43,163,0.8357,0.3124,12.34,0.0155
40.07,0.7776,0.4305,0.6587,-74.57,164,0.8460,0.3041,12.98,0.0165
40.13,0.7805,0.4244,0.6587,-73.45,164,0.8514,0.2999,13.09,0.0173
40.20,0.7847,0.4164,0.6586,-71.97,165,0.8599,0.2937,13.46,0.0185
40.31,0.7902,0.4067,0.6582,-70.11,165,0.8692,0.2877,13.70,0.0196
40.38,0.7936,0.4010,0.6581,-69.00,165,0.8748,0.2841,13.78,0.0204
40.45,0.7984,0.3935,0.6579,-67.51,166,0.8843,0.2789,14.36,0.0213
40.55,0.8048,0.3843,0.6576,-65.66,166,0.8942,0.2740,14.70,0.0224
40.65,0.8115,0.3753,0.6574,-63.80,167,0.9064,0.2688,15.48,0.0234
40.74,0.8171,0.3684,0.6572,-62.32,167,0.9147,0.2657,15.88,0.0241
40.84,0.8244,0.3600,0.6570,-60.46,168,0.9281,0.2613,16.88,0.0251
40.93,0.8320,0.3519,0.6568,-58.61,168,0.9389,0.2584,17.43,0.0255
41.03,0.8400,0.3441,0.6567,-56.75,169,0.9522,0.2553,18.38,0.0261
41.13,0.8466,0.3381,0.6566,-55.27,169,0.9609,0.2538,18.85,0.0263
41.22,0.8552,0.3310,0.6566,-53.42,170,0.9743,0.2517,19.77,0.0269
41.30,0.8623,0.3256,0.6565,-51.92,170,0.9833,0.2511,20.31,0.0269
41.40,0.8714,0.3192,0.6565,-50.07,170,0.9944,0.2504,20.85,0.0275
41.49,0.8809,0.3132,0.6565,-48.21,171,1.0081,0.2507,22.05,0.0278
41.59,0.8905,0.3076,0.6565,-46.36,171,1.0192,0.2513,22.71,0.0283
41.68,0.8985,0.3035,0.6565,-44.85,172,1.0313,0.2527,23.94,0.0283
41.78,0.9086,0.2988,0.6566,-42.99,172,1.0422,0.2543,24.58,0.0286
41.88,0.9189,0.2947,0.6566,-41.12,173,1.0562,0.2572,25.83,0.0287
42.03,0.9293,0.2911,0.6566,-39.28,173,1.0668,0.2597,26.42,0.0288
42.14,0.9400,0.2880,0.6567,-37.41,174,1.0800,0.2637,27.55,0.0289
42.21,0.9485,0.2860,0.6567,-35.92,174,1.0884,0.2666,28.02,0.0291
42.27,0.9551,0.2846,0.6567,-34.81,175,1.0971,0.2698,28.84,0.0294
42.34,0.9617,0.2835,0.6567,-33.69,175,1.1031,0.2728,29.35,0.0294
42.41,0.9705,0.2822,0.6566,-32.20,175,1.1111,0.2767,29.93,0.0296
42.48,0.9770,0.2815,0.6566,-31.09,176,1.1197,0.2811,30.94,0.0299
42.55,0.9859,0.2808,0.6567,-29.59,176,1.1273,0.2857,31.61,0.0298
42.62,0.9926,0.2805,0.6568,-28.47,176,1.1330,0.2892,32.02,0.0300
42.70,1.0016,0.2805,0.6569,-26.98,177,1.1434,0.2961,33.27,0.0301
42.77,1.0104,0.2808,0.6569,-25.48,177,1.1506,0.3014,33.87,0.0299
42.84,1.0171,0.2812,0.6570,-24.35,177,1.1560,0.3054,34.23,0.0300
42.91,1.0260,0.2822,0.6570,-22.86,178,1.1649,0.3129,35.31,0.0299
42.98,1.0326,0.2831,0.6571,-21.73,178,1.1699,0.3173,35.71,0.0299
43.04,1.0414,0.2848,0.6572,-20.22,178,1.1765,0.3233,36.12,0.0302
43.11,1.0479,0.2863,0.6572,-19.10,179,1.1829,0.3302,37.14,0.0302
43.18,1.0543,0.2879,0.6571,-17.98,179,1.1873,0.3352,37.57,0.0303
43.25,1.0628,0.2903,0.6569,-16.49,179,1.1931,0.3418,38.08,0.0306
43.31,1.0691,0.2923,0.6570,-15.37,180,1.1987,0.3494,39.15,0.0306
43.38,1.0754,0.2945,0.6569,-14.24,180,1.2026,0.3548,39.59,0.0307
43.45,1.0836,0.2977,0.6569,-12.74,181,1.2099,0.3653,40.89,0.0310
43.51,1.0897,0.3004,0.6569,-11.62,181,1.2132,0.3710,41.37,0.0307
43.58,1.0976,0.3042,0.6568,-10.11,181,1.2177,0.3786,41.90,0.0307
43.66,1.1035,0.3072,0.6568,-8.98,182,1.2223,0.3868,42.80,0.0307
43.73,1.1111,0.3115,0.6568,-7.49,182,1.2260,0.3947,43.41,0.0304
43.80,1.1168,0.3150,0.6570,-6.37,182,1.2288,0.4007,43.80,0.0305
43.87,1.1242,0.3200,0.6571,-4.84,183,1.2334,0.4116,44.83,0.0306
43.94,1.1296,0.3239,0.6572,-3.72,183,1.2356,0.4179,45.29,0.0305
44.01,1.1366,0.3294,0.6572,-2.23,183,1.2384,0.4263,45.81,0.0308
44.07,1.1417,0.3337,0.6572,-1.10,184,1.2410,0.4354,46.78,0.0310
44.14,1.1484,0.3396,0.6572,0.41,184,1.2430,0.4441,47.42,0.0310
44.21,1.1532,0.3443,0.6572,1.54,184,1.2444,0.4506,47.83,0.0312
44.28,1.1578,0.3491,0.6572,2.67,185,1.2462,0.4610,49.03,0.0313
44.35,1.1638,0.3556,0.6571,4.18,185,1.2473,0.4697,49.63,0.0311
44.42,1.1681,0.3607,0.6571,5.31,185,1.2482,0.4763,50.00,0.0312
44.49,1.1736,0.3677,0.6571,6.82,186,1.2490,0.4883,51.17,0.0310
44.55,1.1776,0.3729,0.6571,7.96,186,1.2493,0.4949,51.59,0.0309
44.62,1.1814,0.3785,0.6572,9.09,186,1.2495,0.5015,51.93,0.0310
44.69,1.1861,0.3860,0.6572,10.60,187,1.2491,0.5133,53.05,0.0310
44.77,1.1906,0.3937,0.6572,12.12,187,1.2486,0.5221,53.59,0.0310
44.84,1.1937,0.3996,0.6573,13.26,187,1.2481,0.5288,53.90,0.0313
44.92,1.1975,0.4075,0.6572,14.75,188,1.2461,0.5403,55.14,0.0312
45.00,1.2020,0.4177,0.6572,16.66,188,1.2441,0.5512,55.82,0.0316
45.07,1.2043,0.4239,0.6572,17.79,189,1.2417,0.5611,56.99,0.0315
45.16,1.2072,0.4323,0.6570,19.29,189,1.2393,0.5696,57.56,0.0315
45.24,1.2104,0.4427,0.6568,21.16,190,1.2350,0.5833,58.92,0.0315
45.34,1.2127,0.4512,0.6568,22.69,190,1.2319,0.5915,59.53,0.0311
45.43,1.2150,0.4622,0.6570,24.61,191,1.2266,0.6045,60.70,0.0311
45.54,1.2169,0.4753,0.6570,26.88,191,1.2208,0.6164,61.54,0.0309
45.65,1.2178,0.4864,0.6571,28.77,192,1.2140,0.6286,62.76,0.0311
45.74,1.2182,0.4952,0.6571,30.28,192,1.2091,0.6360,63.42,0.0310
45.80,1.2182,0.5041,0.6571,31.78,192,1.2042,0.6434,63.98,0.0314
45.87,1.2180,0.5108,0.6571,32.93,193,1.1981,0.6513,65.13,0.0312
45.95,1.2175,0.5197,0.6571,34.46,193,1.1926,0.6582,65.72,0.0312
46.04,1.2162,0.5307,0.6571,36.35,194,1.1829,0.6693,67.16,0.0312
46.14,1.2149,0.5394,0.6570,37.88,194,1.1768,0.6757,67.74,0.0309
46.24,1.2127,0.5503,0.6571,39.79,195,1.1669,0.6854,68.92,0.0309
46.33,1.2099,0.5610,0.6570,41.69,195,1.1585,0.6926,69.61,0.0307
46.43,1.2065,0.5716,0.6571,43.58,196,1.1477,0.7013,70.79,0.0308
46.51,1.2034,0.5799,0.6571,45.08,196,1.1403,0.7063,71.45,0.0307
46.61,1.1991,0.5901,0.6571,46.98,197,1.1286,0.7139,72.71,0.0310
46.67,1.1963,0.5962,0.6571,48.12,197,1.1227,0.7170,73.23,0.0309
46.75,1.1923,0.6041,0.6571,49.65,197,1.1149,0.7212,73.82,0.0309
46.83,1.1880,0.6119,0.6571,51.16,198,1.1033,0.7268,75.20,0.0310
46.90,1.1834,0.6194,0.6570,52.67,198,1.0952,0.7303,75.83,0.0306
46.98,1.1798,0.6250,0.6570,53.85,198,1.0891,0.7329,76.20,0.0305
47.04,1.1746,0.6322,0.6570,55.38,199,1.0781,0.7368,77.30,0.0303
47.12,1.1705,0.6374,0.6569,56.50,199,1.0718,0.7388,77.73,0.0302
47.28,1.1589,0.6508,0.6570,59.56,200,1.0520,0.7440,79.36,0.0301
47.38,1.1511,0.6587,0.6570,61.46,200,1.0412,0.7462,80.03,0.0303
47.49,1.1429,0.6661,0.6570,63.33,201,1.0274,0.7478,81.37,0.0303
47.61,1.1309,0.6759,0.6569,66.02,202,1.0082,0.7495,83.02,0.0305
47.73,1.1201,0.6835,0.6568,68.32,202,0.9950,0.7503,83.57,0.0302
47.84,1.1107,0.6893,0.6568,70.18,203,0.9811,0.7514,84.23,0.0301
47.94,1.1011,0.6948,0.6567,72.07,203,0.9701,0.7524,84.17,0.0298
48.06,1.0891,0.7007,0.6568,74.34,204,0.9542,0.7548,83.82,0.0296
48.17,1.0768,0.7059,0.6568,76.57,204,0.9411,0.7574,82.65,0.0296
48.27,1.0664,0.7097,0.6567,78.40,205,0.9279,0.7612,81.19,0.0294
48.35,1.0580,0.7124,0.6566,79.82,205,0.9194,0.7640,79.77,0.0293
48.43,1.0494,0.7150,0.6566,81.21,206,0.9080,0.7683,78.14,0.0289
48.55,1.0365,0.7186,0.6567,83.26,206,0.8957,0.7736,75.42,0.0279
48.66,1.0256,0.7216,0.6569,84.95,207,0.8831,0.7799,72.79,0.0263
48.77,1.0124,0.7251,0.6571,86.98,207,0.8713,0.7863,69.57,0.0240
48.85,1.0034,0.7273,0.6575,88.25,208,0.8631,0.7914,67.18,0.0224
48.94,0.9944,0.7296,0.6579,89.51,208,0.8555,0.7965,64.77,0.0207
49.05,0.9807,0.7334,0.6588,91.40,209,0.8447,0.8045,61.02,0.0179
49.16,0.9692,0.7369,0.6596,93.00,209,0.8358,0.8122,57.56,0.0155
49.27,0.9556,0.7415,0.6606,95.00,210,0.8265,0.8208,53.41,0.0128
49.38,0.9442,0.7453,0.6613,96.59,210,0.8183,0.8294,49.66,0.0112
49.49,0.9307,0.7504,0.6623,98.51,211,0.8095,0.8391,45.27,0.0095
49.60,0.9197,0.7550,0.6632,100.13,211,0.8021,0.8484,41.40,0.0085
49.73,0.9069,0.7610,0.6642,102.09,212,0.7941,0.8591,36.87,0.0072
49.83,0.8946,0.7677,0.6651,104.12,212,0.7864,0.8708,32.24,0.0059
49.94,0.8846,0.7734,0.6653,105.86,213,0.7809,0.8803,28.24,0.0050
50.04,0.8744,0.7790,0.6656,107.57,213,0.7757,0.8908,23.88,0.0049
50.13,0.8665,0.7839,0.6660,108.97,214,0.7718,0.8987,20.52,0.0044
50.25,0.8531,0.7930,0.6669,111.39,214,0.7661,0.9139,14.36,0.0043
50.38,0.8423,0.8014,0.6674,113.52,215,0.7618,0.9264,9.25,0.0039
50.50,0.8320,0.8105,0.6679,115.69,215,0.7582,0.9396,4.06,0.0038
50.61,0.8219,0.8198,0.6681,117.82,216,0.7552,0.9526,-1.12,0.0040
50.74,0.8130,0.8301,0.6687,119.67,216,0.7527,0.9660,-5.77,0.0034
50.86,0.8043,0.8407,0.6688,121.09,217,0.7514,0.9793,-10.18,0.0031
50.98,0.7958,0.8515,0.6696,121.50,217,0.7505,0.9931,-13.74,0.0030
51.09,0.7883,0.8631,0.6703,120.91,218,0.7502,1.0066,-16.01,0.0027
51.22,0.7822,0.8753,0.6703,119.37,218,0.7500,1.0201,-16.85,0.0011
51.34,0.7774,0.8878,0.6696,117.27,219,0.7500,1.0334,-16.61,0.0002
51.46,0.7741,0.9009,0.6687,115.15,220,0.7500,1.0469,-15.76,0.0030
51.57,0.7721,0.9120,0.6677,113.39,220,0.7500,1.0580,-14.79,0.0049
51.66,0.7705,0.9231,0.6667,111.62,220,0.7500,1.0689,-13.63,0.0073
51.75,0.7693,0.9342,0.6657,109.86,221,0.7500,1.0807,-12.35,0.0093
51.83,0.7686,0.9432,0.6650,108.45,221,0.7500,1.0895,-11.22,0.0110
51.92,0.7679,0.9521,0.6644,107.04,222,0.7500,1.0994,-10.11,0.0124
52.00,0.7674,0.9610,0.6639,105.64,222,0.7500,1.1083,-8.91,0.0135
52.09,0.7668,0.9722,0.6633,103.89,222,0.7500,1.1194,-7.37,0.0149
52.17,0.7664,0.9811,0.6630,102.48,223,0.7500,1.1301,-6.18,0.0152
52.26,0.7661,0.9900,0.6626,101.08,223,0.7500,1.1390,-4.90,0.0154
52.36,0.7659,1.0013,0.6623,99.33,224,0.7500,1.1511,-3.27,0.0157
52.47,0.7655,1.0147,0.6621,97.32,224,0.7500,1.1645,-1.43,0.0154
52.57,0.7651,1.0260,0.6620,95.80,225,0.7500,1.1760,-0.06,0.0151
52.68,0.7648,1.0374,0.6620,94.49,225,0.7500,1.1874,1.13,0.0148
52.79,0.7644,1.0511,0.6622,93.26,226,0.7500,1.2011,2.22,0.0144
52.89,0.7639,1.0626,0.6623,92.48,226,0.7500,1.2126,2.83,0.0139
53.00,0.7634,1.0739,0.6624,91.89,227,0.7500,1.2239,3.20,0.0134
53.10,0.7627,1.0853,0.6624,91.48,227,0.7500,1.2353,3.36,0.0127
53.21,0.7617,1.0989,0.6622,91.13,228,0.7500,1.2489,3.35,0.0117
53.32,0.7609,1.1102,0.6619,90.91,228,0.7500,1.2602,3.23,0.0109
53.43,0.7599,1.1215,0.6615,90.70,229,0.7500,1.2715,3.10,0.0099
53.53,0.7589,1.1350,0.6610,90.52,229,0.7500,1.2850,2.87,0.0089
53.63,0.7580,1.1463,0.6606,90.42,230,0.7500,1.2963,2.64,0.0080
53.72,0.7574,1.1554,0.6603,90.37,230,0.7500,1.3054,2.45,0.0074
53.80,0.7567,1.1644,0.6600,90.33,230,0.7500,1.3144,2.24,0.0067
53.89,0.7561,1.1735,0.6598,90.31,231,0.7500,1.3235,2.03,0.0061
53.97,0.7554,1.1849,0.6595,90.29,231,0.7500,1.3349,1.76,0.0054
54.05,0.7548,1.1939,0.6593,90.29,231,0.7500,1.3439,1.56,0.0048
54.14,0.7543,1.2030,0.6591,90.29,232,0.7500,1.3530,1.36,0.0043
54.22,0.7538,1.2121,0.6590,90.29,232,0.7500,1.3621,1.17,0.0038
54.30,0.7534,1.2212,0.6589,90.30,233,0.7500,1.3712,1.00,0.0034
54.39,0.7529,1.2326,0.6587,90.31,233,0.7500,1.3826,0.80,0.0029
54.47,0.7525,1.2417,0.6586,90.31,233,0.7500,1.3917,0.66,0.0025
54.56,0.7522,1.2508,0.6585,90.32,234,0.7500,1.4008,0.53,0.0022
54.65,0.7518,1.2621,0.6583,90.32,234,0.7500,1.4121,0.37,0.0018
54.74,0.7515,1.2713,0.6583,90.33,235,0.7500,1.4213,0.26,0.0015
54.83,0.7513,1.2826,0.6581,90.33,235,0.7500,1.4326,0.15,0.0013
54.92,0.7511,1.2917,0.6580,90.33,235,0.7500,1.4417,0.07,0.0011
55.01,0.7509,1.3009,0.6579,90.33,236,0.7500,1.4509,-0.00,0.0009
55.09,0.7507,1.3123,0.6578,90.34,236,0.7500,1.4623,-0.08,0.0007
55.18,0.7505,1.3214,0.6577,90.34,237,0.7500,1.4714,-0.14,0.0005
55.27,0.7504,1.3305,0.6577,90.34,237,0.7500,1.4805,-0.20,0.0004
55.35,0.7502,1.3419,0.6576,90.34,237,0.7500,1.4919,-0.26,0.0002
55.43,0.7501,1.3510,0.6575,90.34,238,0.7503,1.5010,-0.41,0.0001
55.52,0.7500,1.3601,0.6574,90.34,238,0.7508,1.5101,-0.63,0.0000
55.60,0.7499,1.3693,0.6573,90.34,238,0.7513,1.5192,-0.85,0.0001
55.69,0.7499,1.3807,0.6573,90.34,239,0.7527,1.5305,-1.42,0.0001
55.78,0.7498,1.3898,0.6572,90.33,239,0.7539,1.5395,-1.89,0.0002
55.86,0.7497,1.3989,0.6572,90.30,240,0.7554,1.5485,-2.46,0.0003
55.95,0.7497,1.4104,0.6572,90.19,240,0.7579,1.5597,-3.35,0.0003
56.07,0.7498,1.4241,0.6574,89.97,241,0.7613,1.5730,-4.40,0.0002
56.18,0.7500,1.4356,0.6575,89.69,241,0.7650,1.5838,-5.47,0.0000
56.29,0.7505,1.4493,0.6577,89.22,242,0.7698,1.5967,-6.70,0.0005
56.39,0.7511,1.4608,0.6580,88.65,242,0.7748,1.6070,-7.83,0.0011
56.50,0.7521,1.4723,0.6583,87.92,243,0.7798,1.6173,-8.76,0.0021
56.61,0.7536,1.4860,0.6587,86.77,243,0.7868,1.6290,-9.82,0.0036
56.72,0.7554,1.4973,0.6589,85.64,244,0.7929,1.6389,-10.46,0.0053
56.83,0.7580,1.5108,0.6589,84.22,244,0.8008,1.6499,-11.30,0.0072
56.94,0.7605,1.5219,0.6590,82.81,245,0.8080,1.6595,-11.87,0.0089
57.04,0.7635,1.5330,0.6590,81.20,245,0.8155,1.6680,-12.28,0.0104
57.14,0.7668,1.5439,0.6589,79.45,246,0.8238,1.6772,-12.60,0.0122
57.25,0.7715,1.5566,0.6588,77.34,246,0.8339,1.6861,-13.09,0.0139
57.36,0.7759,1.5671,0.6585,75.57,247,0.8437,1.6944,-13.61,0.0157
57.46,0.7806,1.5772,0.6583,73.81,247,0.8527,1.7010,-14.02,0.0169
57.56,0.7858,1.5872,0.6580,72.05,248,0.8635,1.7087,-14.66,0.0184
57.66,0.7913,1.5970,0.6577,70.29,248,0.8730,1.7144,-15.13,0.0192
57.77,0.7984,1.6084,0.6575,68.17,249,0.8862,1.7220,-15.87,0.0205
57.87,0.8047,1.6176,0.6573,66.41,249,0.8962,1.7269,-16.36,0.0212
57.98,0.8114,1.6266,0.6571,64.65,250,0.9082,1.7323,-17.13,0.0223
58.09,0.8199,1.6369,0.6570,62.53,250,0.9209,1.7366,-17.92,0.0231
58.20,0.8274,1.6452,0.6568,60.77,251,0.9338,1.7405,-18.92,0.0240
58.30,0.8352,1.6532,0.6567,59.01,251,0.9446,1.7430,-19.60,0.0246
58.41,0.8450,1.6623,0.6566,56.89,252,0.9608,1.7461,-20.98,0.0252
58.49,0.8518,1.6680,0.6565,55.48,252,0.9696,1.7474,-21.51,0.0254
58.58,0.8588,1.6735,0.6565,54.07,253,0.9807,1.7487,-22.37,0.0258
58.68,0.8678,1.6800,0.6563,52.30,253,0.9918,1.7495,-23.05,0.0259
58.76,0.8751,1.6851,0.6562,50.89,253,1.0007,1.7500,-23.52,0.0261
58.85,0.8846,1.6908,0.6562,49.13,254,1.0141,1.7509,-24.24,0.0262
58.97,0.8965,1.6971,0.6563,47.00,255,1.0299,1.7522,-24.58,0.0269
59.08,0.9065,1.7018,0.6562,45.22,255,1.0409,1.7541,-23.95,0.0271
59.18,0.9167,1.7060,0.6560,43.47,256,1.0550,1.7568,-23.33,0.0276
59.27,0.9250,1.7091,0.6560,42.07,256,1.0636,1.7591,-22.25,0.0273
59.38,0.9378,1.7133,0.6560,39.95,257,1.0790,1.7634,-20.40,0.0274
59.49,0.9507,1.7170,0.6562,37.88,257,1.0916,1.7681,-17.97,0.0267
59.60,0.9617,1.7200,0.6565,36.13,258,1.1043,1.7733,-15.64,0.0260
59.72,0.9750,1.7233,0.6571,34.07,258,1.1166,1.7793,-12.47,0.0246
59.81,0.9862,1.7261,0.6577,32.34,259,1.1281,1.7859,-9.51,0.0229
59.89,0.9952,1.7285,0.6582,30.97,259,1.1357,1.7908,-7.07,0.0211
59.97,1.0042,1.7311,0.6587,29.57,259,1.1434,1.7958,-4.65,0.0191
60.05,1.0133,1.7334,0.6590,28.18,260,1.1507,1.8015,-1.81,0.0174
60.13,1.0225,1.7356,0.6594,26.78,260,1.1580,1.8072,1.07,0.0158
60.22,1.0315,1.7383,0.6598,25.44,261,1.1639,1.8120,3.67,0.0140
60.30,1.0405,1.7414,0.6605,24.18,261,1.1708,1.8185,6.42,0.0124
60.39,1.0517,1.7455,0.6614,23.09,261,1.1793,1.8265,9.33,0.0103
60.49,1.0629,1.7498,0.6624,22.49,262,1.1868,1.8346,11.90,0.0087
60.61,1.0760,1.7555,0.6634,22.47,262,1.1961,1.8453,14.31,0.0067
60.73,1.0866,1.7606,0.6642,23.42,263,1.2026,1.8543,15.51,0.0053
60.84,1.0985,1.7682,0.6650,24.98,263,1.2103,1.8658,16.13,0.0023
60.95,1.1079,1.7749,0.6648,26.44,264,1.2159,1.8754,16.49,0.0001
61.05,1.1187,1.7835,0.6646,28.61,264,1.2224,1.8872,16.39,0.0028
61.16,1.1272,1.7913,0.6642,30.48,265,1.2273,1.8978,16.30,0.0050
61.27,1.1367,1.8010,0.6634,32.71,265,1.2326,1.9100,15.93,0.0080
61.37,1.1443,1.8095,0.6627,34.58,266,1.2366,1.9212,15.83,0.0103
61.48,1.1515,1.8182,0.6620,36.44,266,1.2401,1.9316,15.56,0.0126
61.59,1.1597,1.8288,0.6611,38.67,267,1.2436,1.9457,15.68,0.0151
61.71,1.1663,1.8379,0.6604,40.53,267,1.2457,1.9565,15.67,0.0172
61.81,1.1738,1.8490,0.6597,42.76,268,1.2476,1.9713,16.14,0.0192
61.91,1.1798,1.8584,0.6591,44.62,268,1.2487,1.9822,16.28,0.0209
62.02,1.1854,1.8680,0.6586,46.47,269,1.2497,1.9960,16.83,0.0219
62.13,1.1907,1.8778,0.6581,48.33,269,1.2505,2.0070,16.86,0.0230
62.23,1.1966,1.8897,0.6576,50.57,270,1.2517,2.0224,16.91,0.0238
62.34,1.2011,1.8998,0.6573,52.41,270,1.2525,2.0334,16.52,0.0247
62.45,1.2052,1.9102,0.6571,54.27,271,1.2549,2.0466,15.70,0.0252
62.55,1.2096,1.9228,0.6568,56.49,272,1.2582,2.0619,14.26,0.0262
62.66,1.2128,1.9334,0.6566,58.35,272,1.2615,2.0725,12.38,0.0265
62.77,1.2163,1.9463,0.6565,60.56,273,1.2669,2.0883,9.85,0.0268
62.87,1.2189,1.9572,0.6567,62.39,273,1.2712,2.0987,7.35,0.0264
62.95,1.2210,1.9661,0.6570,63.87,274,1.2758,2.1093,5.18,0.0260
63.03,1.2230,1.9750,0.6575,65.33,274,1.2800,2.1173,2.82,0.0249
63.12,1.2251,1.9840,0.6582,66.82,274,1.2843,2.1254,0.47,0.0237
63.21,1.2279,1.9954,0.6591,68.67,275,1.2908,2.1359,-2.78,0.0217
63.32,1.2308,2.0068,0.6601,70.50,275,1.2972,2.1455,-6.06,0.0196
63.43,1.2345,2.0206,0.6611,72.46,276,1.3056,2.1564,-10.10,0.0169
63.53,1.2377,2.0320,0.6620,73.59,276,1.3132,2.1653,-13.14,0.0147
63.64,1.2411,2.0435,0.6631,74.13,277,1.3202,2.1727,-15.62,0.0130
63.75,1.2458,2.0571,0.6644,73.92,277,1.3304,2.1827,-17.89,0.0110
63.86,1.2504,2.0681,0.6654,73.05,278,1.3384,2.1898,-18.91,0.0092
63.96,1.2558,2.0787,0.6659,71.70,278,1.3475,2.1972,-19.41,0.0072
64.07,1.2631,2.0907,0.6658,69.69,279,1.3580,2.2052,-19.34,0.0043
64.18,1.2699,2.1000,0.6654,67.91,279,1.3674,2.2114,-19.11,0.0017
64.28,1.2772,2.1089,0.6648,66.14,280,1.3769,2.2173,-18.75,0.0014
64.37,1.2848,2.1175,0.6641,64.37,280,1.3868,2.2223,-18.59,0.0042
64.45,1.2911,2.1240,0.6635,62.95,280,1.3947,2.2262,-18.34,0.0067
64.53,1.2975,2.1305,0.6629,61.54,281,1.4035,2.2299,-18.38,0.0086
64.64,1.3057,2.1383,0.6622,59.77,281,1.4138,2.2339,-18.28,0.0111
64.75,1.3157,2.1473,0.6614,57.65,282,1.4277,2.2385,-18.48,0.0136
64.84,1.3225,2.1531,0.6609,56.24,282,1.4362,2.2410,-18.53,0.0150
64.96,1.3330,2.1615,0.6602,54.12,283,1.4505,2.2445,-18.90,0.0169
65.08,1.3437,2.1695,0.6595,52.00,283,1.4635,2.2470,-19.12,0.0187
65.19,1.3529,2.1759,0.6590,50.24,284,1.4763,2.2484,-19.78,0.0200
65.29,1.3642,2.1831,0.6585,48.12,284,1.4896,2.2493,-20.28,0.0215
65.40,1.3738,2.1887,0.6581,46.35,285,1.5027,2.2493,-21.19,0.0224
65.51,1.3855,2.1950,0.6577,44.23,285,1.5160,2.2489,-21.78,0.0238
65.62,1.3956,2.1997,0.6574,42.46,286,1.5300,2.2474,-22.94,0.0241
65.73,1.4077,2.2049,0.6570,40.35,287,1.5452,2.2453,-23.97,0.0248
65.84,1.4181,2.2088,0.6568,38.58,287,1.5561,2.2430,-24.68,0.0249
65.94,1.4286,2.2123,0.6567,36.82,288,1.5691,2.2400,-25.67,0.0254
66.06,1.4414,2.2158,0.6566,34.71,288,1.5817,2.2357,-26.63,0.0256
66.16,1.4523,2.2182,0.6566,32.93,289,1.5944,2.2310,-27.77,0.0261
66.27,1.4655,2.2203,0.6565,30.81,289,1.6065,2.2254,-28.74,0.0266
66.38,1.4766,2.2216,0.6565,29.02,290,1.6194,2.2188,-30.13,0.0269
66.48,1.4877,2.2222,0.6564,27.25,290,1.6290,2.2133,-30.88,0.0269
66.58,1.4988,2.2224,0.6564,25.46,291,1.6406,2.2059,-32.08,0.0270
66.69,1.5121,2.2218,0.6564,23.34,291,1.6514,2.1983,-32.91,0.0272
66.80,1.5232,2.2206,0.6564,21.55,292,1.6620,2.1897,-34.10,0.0274
66.87,1.5319,2.2194,0.6564,20.13,292,1.6687,2.1839,-34.68,0.0276
66.95,1.5407,2.2177,0.6564,18.69,293,1.6770,2.1760,-35.71,0.0279
67.04,1.5494,2.2158,0.6563,17.27,293,1.6830,2.1694,-36.40,0.0280
67.12,1.5579,2.2134,0.6563,15.84,293,1.6889,2.1629,-36.95,0.0285
67.20,1.5664,2.2108,0.6563,14.41,294,1.6965,2.1533,-38.24,0.0285
67.29,1.5747,2.2079,0.6562,12.99,294,1.7018,2.1463,-38.85,0.0286
67.37,1.5851,2.2037,0.6562,11.20,295,1.7098,2.1346,-40.17,0.0287
67.46,1.5932,2.2001,0.6561,9.76,295,1.7145,2.1271,-40.79,0.0286
67.55,1.6030,2.1952,0.6560,7.97,296,1.7213,2.1154,-42.01,0.0286
67.65,1.6126,2.1899,0.6560,6.18,296,1.7261,2.1055,-42.81,0.0284
67.77,1.6238,2.1825,0.6561,4.01,297,1.7325,2.0908,-44.19,0.0287
67.88,1.6328,2.1760,0.6561,2.23,297,1.7361,2.0803,-45.03,0.0289
67.99,1.6432,2.1676,0.6562,0.06,298,1.7408,2.0645,-46.62,0.0291
68.10,1.6514,2.1601,0.6562,-1.75,298,1.7434,2.0538,-47.39,0.0293
68.20,1.6592,2.1522,0.6562,-3.57,299,1.7461,2.0395,-48.82,0.0291
68.31,1.6681,2.1423,0.6562,-5.75,299,1.7481,2.0264,-49.64,0.0292
68.42,1.6749,2.1336,0.6562,-7.56,300,1.7491,2.0127,-50.89,0.0291
68.52,1.6813,2.1247,0.6560,-9.32,300,1.7498,2.0017,-51.53,0.0294
68.63,1.6886,2.1136,0.6560,-11.50,301,1.7500,1.9858,-52.82,0.0291
68.72,1.6930,2.1059,0.6560,-12.95,301,1.7500,1.9769,-53.22,0.0294
68.80,1.6972,2.0981,0.6561,-14.40,302,1.7500,1.9652,-53.93,0.0292
68.88,1.7011,2.0901,0.6561,-15.86,302,1.7500,1.9563,-54.04,0.0293
68.97,1.7054,2.0800,0.6561,-17.67,303,1.7500,1.9416,-54.47,0.0291
69.06,1.7086,2.0717,0.6561,-19.13,303,1.7500,1.9328,-54.26,0.0289
69.14,1.7114,2.0633,0.6560,-20.56,304,1.7500,1.9213,-54.22,0.0288
69.24,1.7145,2.0528,0.6560,-22.33,304,1.7500,1.9103,-53.67,0.0283
69.32,1.7167,2.0442,0.6560,-23.74,304,1.7500,1.9014,-53.11,0.0283
69.41,1.7190,2.0332,0.6561,-25.50,305,1.7500,1.8876,-52.50,0.0277
69.53,1.7215,2.0199,0.6562,-27.59,306,1.7500,1.8717,-51.52,0.0272
69.64,1.7232,2.0087,0.6562,-29.33,306,1.7500,1.8604,-50.42,0.0262
69.74,1.7246,1.9975,0.6563,-31.05,307,1.7500,1.8475,-49.35,0.0254
69.84,1.7259,1.9862,0.6565,-32.74,307,1.7500,1.8362,-48.12,0.0241
69.96,1.7271,1.9724,0.6570,-34.79,308,1.7500,1.8224,-46.54,0.0229
70.07,1.7282,1.9585,0.6574,-36.83,308,1.7500,1.8085,-44.89,0.0218
70.17,1.7289,1.9469,0.6577,-38.54,309,1.7500,1.7969,-43.46,0.0211
70.25,1.7294,1.9376,0.6580,-39.88,309,1.7500,1.7876,-42.30,0.0206
70.34,1.7298,1.9283,0.6582,-41.23,309,1.7500,1.7783,-41.11,0.0202
70.43,1.7304,1.9166,0.6586,-42.93,310,1.7500,1.7666,-39.63,0.0196
70.53,1.7309,1.9074,0.6588,-44.30,310,1.7500,1.7574,-38.43,0.0191
70.65,1.7315,1.8912,0.6590,-46.69,311,1.7500,1.7412,-36.29,0.0185
70.78,1.7319,1.8773,0.6592,-48.75,311,1.7500,1.7273,-34.39,0.0181
70.89,1.7323,1.8634,0.6594,-50.81,312,1.7500,1.7134,-32.44,0.0177
71.00,1.7324,1.8519,0.6596,-52.51,312,1.7500,1.7019,-30.80,0.0176
71.11,1.7326,1.8403,0.6598,-54.21,313,1.7500,1.6903,-29.17,0.0174
71.21,1.7329,1.8264,0.6601,-56.26,313,1.7500,1.6764,-27.24,0.0171
71.32,1.7333,1.8149,0.6603,-57.98,314,1.7500,1.6649,-25.66,0.0167
71.42,1.7336,1.8035,0.6603,-59.73,314,1.7500,1.6535,-24.02,0.0164
71.50,1.7336,1.7943,0.6603,-61.11,315,1.7500,1.6443,-22.66,0.0164
71.58,1.7336,1.7850,0.6604,-62.49,315,1.7500,1.6350,-21.26,0.0164
71.66,1.7336,1.7758,0.6605,-63.87,315,1.7500,1.6258,-19.87,0.0164
71.75,1.7335,1.7643,0.6606,-65.59,316,1.7500,1.6143,-18.13,0.0165
71.83,1.7336,1.7551,0.6608,-66.97,316,1.7500,1.6051,-16.78,0.0164
71.92,1.7338,1.7459,0.6609,-68.37,317,1.7500,1.5959,-15.47,0.0162
72.01,1.7340,1.7368,0.6610,-69.76,317,1.7500,1.5868,-14.16,0.0160
72.09,1.7342,1.7253,0.6610,-71.50,317,1.7500,1.5753,-12.48,0.0158
72.18,1.7343,1.7161,0.6611,-72.90,318,1.7500,1.5661,-11.13,0.0157
72.27,1.7344,1.7069,0.6611,-74.30,318,1.7500,1.5569,-9.77,0.0156
72.35,1.7344,1.6954,0.6611,-76.04,319,1.7500,1.5454,-8.03,0.0156
72.44,1.7345,1.6863,0.6612,-77.44,319,1.7500,1.5363,-6.67,0.0155
72.52,1.7348,1.6771,0.6612,-78.84,319,1.7500,1.5271,-5.36,0.0152
72.61,1.7350,1.6657,0.6612,-80.60,320,1.7500,1.5157,-3.69,0.0150
72.69,1.7352,1.6565,0.6613,-82.00,320,1.7500,1.5065,-2.35,0.0148
72.78,1.7353,1.6474,0.6613,-83.39,321,1.7500,1.4974,-1.02,0.0147
72.86,1.7354,1.6382,0.6613,-84.65,321,1.7500,1.4882,0.21,0.0146
72.94,1.7354,1.6290,0.6614,-85.70,321,1.7500,1.4790,1.27,0.0146
73.03,1.7355,1.6175,0.6619,-86.71,322,1.7500,1.4675,2.22,0.0145
73.11,1.7358,1.6083,0.6621,-87.39,322,1.7500,1.4583,2.78,0.0142
73.19,1.7362,1.5992,0.6622,-87.95,322,1.7500,1.4492,3.20,0.0138
73.28,1.7366,1.5901,0.6623,-88.41,323,1.7500,1.4401,3.50,0.0134
73.36,1.7371,1.5810,0.6622,-88.77,323,1.7500,1.4310,3.68,0.0129
73.45,1.7376,1.5719,0.6621,-89.04,324,1.7500,1.4219,3.75,0.0124
73.53,1.7384,1.5606,0.6620,-89.25,324,1.7500,1.4106,3.67,0.0116
73.62,1.7391,1.5515,0.6618,-89.38,324,1.7500,1.4015,3.53,0.0109
73.70,1.7398,1.5425,0.6615,-89.48,325,1.7500,1.3925,3.36,0.0102
73.80,1.7408,1.5312,0.6611,-89.57,325,1.7500,1.3812,3.10,0.0092
73.89,1.7415,1.5222,0.6608,-89.62,326,1.7500,1.3722,2.87,0.0085
73.97,1.7424,1.5109,0.6604,-89.66,326,1.7500,1.3609,2.57,0.0076
74.05,1.7431,1.5018,0.6601,-89.68,326,1.7500,1.3518,2.31,0.0069
74.14,1.7437,1.4928,0.6599,-89.68,327,1.7500,1.3428,2.07,0.0063
74.22,1.7443,1.4837,0.6597,-89.69,327,1.7500,1.3337,1.84,0.0057
74.30,1.7449,1.4746,0.6595,-89.69,327,1.7500,1.3246,1.63,0.0051
74.39,1.7454,1.4655,0.6594,-89.68,328,1.7500,1.3155,1.42,0.0046
74.47,1.7461,1.4542,0.6591,-89.68,328,1.7500,1.3042,1.18,0.0039
74.55,1.7465,1.4451,0.6590,-89.68,329,1.7500,1.2951,1.01,0.0035
74.64,1.7470,1.4360,0.6588,-89.67,329,1.7500,1.2860,0.84,0.0030
74.72,1.7473,1.4269,0.6587,-89.67,329,1.7500,1.2769,0.69,0.0027
74.81,1.7478,1.4155,0.6586,-89.67,330,1.7500,1.2655,0.52,0.0022
74.89,1.7481,1.4064,0.6585,-89.67,330,1.7500,1.2564,0.41,0.0019
74.98,1.7483,1.3973,0.6584,-89.67,331,1.7500,1.2473,0.30,0.0017
75.06,1.7486,1.3882,0.6583,-89.66,331,1.7500,1.2382,0.20,0.0014
75.15,1.7488,1.3791,0.6582,-89.66,331,1.7500,1.2291,0.11,0.0012
75.23,1.7491,1.3677,0.6580,-89.66,332,1.7500,1.2177,0.01,0.0009
75.31,1.7492,1.3586,0.6580,-89.66,332,1.7500,1.2086,-0.05,0.0008
75.40,1.7494,1.3495,0.6579,-89.66,332,1.7500,1.1995,-0.11,0.0006
75.48,1.7495,1.3404,0.6578,-89.66,333,1.7500,1.1904,-0.16,0.0005
75.57,1.7497,1.3313,0.6577,-89.66,333,1.7500,1.1813,-0.21,0.0003
75.65,1.7498,1.3199,0.6576,-89.66,334,1.7500,1.1699,-0.27,0.0002
75.74,1.7499,1.3108,0.6575,-89.66,334,1.7500,1.1608,-0.30,0.0001
75.82,1.7500,1.3016,0.6574,-89.66,334,1.7500,1.1516,-0.34,0.0000
75.91,1.7501,1.2925,0.6573,-89.66,335,1.7500,1.1425,-0.36,0.0001
75.99,1.7502,1.2811,0.6573,-89.66,335,1.7500,1.1311,-0.40,0.0002
76.08,1.7502,1.2720,0.6572,-89.66,336,1.7500,1.1220,-0.42,0.0002
76.17,1.7503,1.2606,0.6571,-89.66,336,1.7500,1.1106,-0.45,0.0003
76.26,1.7503,1.2514,0.6571,-89.66,336,1.7500,1.1014,-0.47,0.0003
76.34,1.7504,1.2423,0.6570,-89.66,337,1.7500,1.0923,-0.48,0.0004
76.43,1.7504,1.2309,0.6569,-89.66,337,1.7500,1.0809,-0.50,0.0004
76.52,1.7505,1.2218,0.6569,-89.66,338,1.7500,1.0718,-0.51,0.0005
76.60,1.7505,1.2126,0.6569,-89.66,338,1.7500,1.0626,-0.52,0.0005
76.69,1.7505,1.2012,0.6568,-89.66,338,1.7500,1.0512,-0.53,0.0005
76.79,1.7505,1.1921,0.6568,-89.66,339,1.7500,1.0421,-0.54,0.0005
76.90,1.7506,1.1784,0.6567,-89.66,339,1.7500,1.0284,-0.56,0.0006
77.01,1.7506,1.1647,0.6567,-89.66,340,1.7500,1.0147,-0.57,0.0006
77.12,1.7506,1.1532,0.6566,-89.66,340,1.7500,1.0032,-0.57,0.0006
77.23,1.7506,1.1395,0.6566,-89.66,341,1.7500,0.9895,-0.58,0.0006
77.35,1.7506,1.1258,0.6566,-89.66,341,1.7500,0.9758,-0.59,0.0006
77.46,1.7507,1.1144,0.6565,-89.66,342,1.7500,0.9644,-0.59,0.0007
77.56,1.7507,1.1029,0.6565,-89.66,342,1.7500,0.9529,-0.59,0.0007
77.67,1.7507,1.0892,0.6565,-89.66,343,1.7500,0.9392,-0.60,0.0007
77.78,1.7507,1.0778,0.6565,-89.66,343,1.7500,0.9278,-0.60,0.0007
77.90,1.7507,1.0641,0.6564,-89.66,344,1.7500,0.9141,-0.60,0.0007
78.00,1.7507,1.0526,0.6564,-89.66,344,1.7500,0.9026,-0.61,0.0007
78.12,1.7507,1.0389,0.6564,-89.66,345,1.7500,0.8889,-0.61,0.0007
78.23,1.7507,1.0275,0.6564,-89.66,345,1.7500,0.8775,-0.61,0.0007
78.33,1.7507,1.0138,0.6564,-89.66,346,1.7500,0.8638,-0.61,0.0007
78.41,1.7507,1.0046,0.6564,-89.66,346,1.7500,0.8546,-0.61,0.0007
78.49,1.7507,0.9955,0.6564,-89.66,347,1.7500,0.8455,-0.61,0.0007
78.57,1.7507,0.9863,0.6564,-89.66,347,1.7500,0.8363,-0.61,0.0007
78.66,1.7507,0.9772,0.6564,-89.66,347,1.7500,0.8272,-0.61,0.0007
78.75,1.7507,0.9680,0.6564,-89.66,348,1.7500,0.8180,-0.61,0.0007
78.86,1.7507,0.9543,0.6563,-89.66,348,1.7500,0.8043,-0.61,0.0007
78.98,1.7507,0.9406,0.6563,-89.66,349,1.7500,0.7906,-0.62,0.0007
79.09,1.7507,0.9269,0.6563,-89.66,349,1.7500,0.7769,-0.62,0.0007
79.20,1.7507,0.9154,0.6563,-89.66,350,1.7500,0.7654,-0.62,0.0007
79.32,1.7507,0.9017,0.6563,-89.66,350,1.7500,0.7517,-0.62,0.0007
79.44,1.7507,0.8880,0.6563,-89.66,351,1.7500,0.7380,-0.62,0.0007
79.54,1.7507,0.8766,0.6563,-89.66,351,1.7500,0.7266,-0.62,0.0007
79.67,1.7507,0.8628,0.6563,-89.66,352,1.7500,0.7128,-0.62,0.0007
79.77,1.7507,0.8491,0.6563,-89.66,353,1.7500,0.6991,-0.62,0.0007
79.85,1.7507,0.8400,0.6563,-89.66,353,1.7500,0.6900,-0.62,0.0007
79.94,1.7507,0.8308,0.6563,-89.66,353,1.7500,0.6808,-0.62,0.0007
80.02,1.7507,0.8217,0.6563,-89.66,354,1.7500,0.6717,-0.62,0.0007
80.11,1.7507,0.8125,0.6563,-89.66,354,1.7500,0.6625,-0.62,0.0007
80.19,1.7507,0.8011,0.6563,-89.66,354,1.7500,0.6511,-0.62,0.0007
80.27,1.7507,0.7919,0.6563,-89.66,355,1.7500,0.6419,-0.62,0.0007
80.38,1.7507,0.7805,0.6563,-89.66,355,1.7500,0.6305,-0.62,0.0007
80.50,1.7507,0.7668,0.6563,-89.66,356,1.7500,0.6168,-0.62,0.0007
80.61,1.7507,0.7530,0.6563,-89.66,356,1.7500,0.6030,-0.62,0.0007
80.72,1.7507,0.7416,0.6563,-89.66,357,1.7500,0.5916,-0.62,0.0007
80.83,1.7507,0.7279,0.6563,-89.66,357,1.7500,0.5779,-0.62,0.0007
80.91,1.7507,0.7187,0.6563,-89.66,358,1.7500,0.5687,-0.62,0.0007
80.99,1.7507,0.7096,0.6563,-89.66,358,1.7500,0.5596,-0.62,0.0007
81.07,1.7507,0.7004,0.6563,-89.66,358,1.7500,0.5504,-0.62,0.0007
81.16,1.7507,0.6913,0.6563,-89.66,359,1.7500,0.5413,-0.62,0.0007
81.24,1.7507,0.6821,0.6563,-89.66,359,1.7500,0.5321,-0.62,0.0007
81.32,1.7507,0.6730,0.6563,-89.66,360,1.7500,0.5230,-0.62,0.0007
81.41,1.7507,0.6638,0.6563,-89.66,360,1.7500,0.5138,-0.61,0.0007
81.49,1.7507,0.6524,0.6563,-89.66,360,1.7500,0.5024,-0.60,0.0007
81.58,1.7507,0.6433,0.6563,-89.66,361,1.7504,0.4933,-0.45,0.0007
81.67,1.7507,0.6318,0.6563,-89.66,361,1.7512,0.4819,-0.16,0.0007
81.76,1.7507,0.6227,0.6563,-89.66,362,1.7519,0.4728,0.12,0.0007
81.84,1.7507,0.6135,0.6563,-89.65,362,1.7534,0.4637,0.67,0.0007
81.95,1.7507,0.6021,0.6564,-89.61,362,1.7552,0.4524,1.33,0.0007
82.06,1.7508,0.5883,0.6565,-89.51,363,1.7584,0.4391,2.42,0.0008
82.17,1.7509,0.5746,0.6566,-89.32,363,1.7618,0.4258,3.49,0.0009
82.28,1.7512,0.5631,0.6568,-89.06,364,1.7656,0.4150,4.62,0.0012
82.38,1.7515,0.5516,0.6571,-88.66,364,1.7694,0.4042,5.57,0.0015
82.46,1.7520,0.5424,0.6574,-88.21,365,1.7732,0.3958,6.45,0.0020
82.54,1.7527,0.5332,0.6577,-87.66,365,1.7773,0.3876,7.26,0.0027
82.62,1.7536,0.5240,0.6579,-87.02,366,1.7814,0.3794,7.88,0.0036
82.71,1.7547,0.5149,0.6581,-86.27,366,1.7862,0.3716,8.67,0.0047
82.80,1.7565,0.5036,0.6584,-85.20,366,1.7923,0.3621,9.40,0.0064
82.88,1.7581,0.4946,0.6585,-84.22,367,1.7977,0.3543,10.00,0.0077
82.97,1.7600,0.4856,0.6585,-83.15,367,1.8032,0.3471,10.50,0.0090
83.05,1.7626,0.4745,0.6586,-81.56,368,1.8108,0.3374,10.94,0.0108
83.16,1.7658,0.4635,0.6587,-79.75,368,1.8185,0.3291,11.17,0.0122
83.27,1.7703,0.4506,0.6585,-77.52,369,1.8287,0.3184,11.37,0.0144
83.38,1.7745,0.4401,0.6583,-75.67,369,1.8371,0.3110,11.56,0.0159
83.49,1.7801,0.4278,0.6580,-73.44,370,1.8487,0.3015,11.95,0.0180
83.60,1.7852,0.4178,0.6577,-71.58,370,1.8578,0.2951,12.24,0.0194
83.70,1.7906,0.4079,0.6574,-69.72,371,1.8692,0.2877,12.89,0.0209
83.81,1.7964,0.3983,0.6571,-67.87,371,1.8788,0.2822,13.26,0.0219
83.91,1.8038,0.3871,0.6568,-65.64,372,1.8928,0.2749,14.06,0.0231
84.03,1.8103,0.3781,0.6565,-63.79,372,1.9029,0.2704,14.46,0.0238
84.13,1.8185,0.3676,0.6564,-61.56,373,1.9174,0.2646,15.38,0.0246
84.24,1.8258,0.3591,0.6563,-59.71,373,1.9279,0.2610,15.87,0.0252
84.34,1.8335,0.3509,0.6563,-57.85,374,1.9410,0.2575,16.86,0.0258
84.42,1.8399,0.3446,0.6562,-56.37,374,1.9497,0.2557,17.38,0.0262
84.50,1.8464,0.3386,0.6562,-54.88,375,1.9613,0.2536,18.38,0.0269
84.58,1.8532,0.3328,0.6562,-53.39,375,1.9702,0.2526,18.95,0.0270
84.66,1.8602,0.3272,0.6562,-51.91,375,1.9790,0.2516,19.42,0.0274
84.76,1.8692,0.3207,0.6562,-50.05,376,1.9933,0.2509,20.69,0.0274
84.84,1.8765,0.3157,0.6562,-48.56,376,2.0021,0.2507,21.19,0.0275
84.92,1.8842,0.3111,0.6563,-47.08,377,2.0135,0.2509,22.14,0.0277
85.01,1.8939,0.3057,0.6563,-45.22,377,2.0246,0.2517,22.75,0.0279
85.09,1.9018,0.3018,0.6564,-43.74,378,2.0360,0.2528,23.67,0.0282
85.18,1.9100,0.2982,0.6564,-42.25,378,2.0448,0.2546,24.30,0.0283
85.26,1.9182,0.2949,0.6564,-40.77,378,2.0535,0.2563,24.83,0.0287
85.35,1.9287,0.2911,0.6566,-38.90,379,2.0669,0.2599,26.15,0.0288
85.43,1.9374,0.2886,0.6567,-37.40,379,2.0755,0.2624,26.70,0.0291
85.52,1.9460,0.2864,0.6567,-35.91,380,2.0874,0.2666,27.93,0.0293
85.60,1.9547,0.2846,0.6566,-34.42,380,2.0956,0.2698,28.46,0.0293
85.69,1.9633,0.2830,0.6566,-32.94,381,2.1062,0.2742,29.42,0.0295
85.78,1.9743,0.2816,0.6566,-31.07,381,2.1161,0.2793,30.14,0.0293
85.86,1.9831,0.2808,0.6566,-29.59,381,2.1239,0.2833,30.61,0.0295
85.95,1.9920,0.2803,0.6567,-28.10,382,2.1337,0.2893,31.75,0.0294
86.03,2.0032,0.2803,0.6569,-26.21,382,2.1431,0.2956,32.45,0.0296
86.13,2.0122,0.2808,0.6570,-24.72,383,2.1524,0.3026,33.54,0.0299
86.24,2.0253,0.2821,0.6568,-22.48,383,2.1626,0.3110,34.38,0.0303
86.36,2.0385,0.2841,0.6568,-20.24,384,2.1751,0.3227,36.02,0.0302
86.45,2.0471,0.2858,0.6567,-18.75,384,2.1814,0.3289,36.55,0.0302
86.53,2.0579,0.2885,0.6568,-16.87,385,2.1906,0.3393,37.82,0.0300
86.64,2.0685,0.2917,0.6567,-14.99,385,2.1977,0.3478,38.47,0.0300
86.75,2.0810,0.2963,0.6569,-12.74,386,2.2071,0.3609,39.86,0.0300
86.86,2.0911,0.3007,0.6569,-10.88,386,2.2132,0.3701,40.48,0.0303
86.97,2.1030,0.3067,0.6569,-8.62,387,2.2208,0.3842,41.97,0.0303
87.08,2.1126,0.3121,0.6569,-6.75,388,2.2273,0.3973,43.37,0.0307
87.19,2.1238,0.3194,0.6569,-4.49,388,2.2322,0.4096,44.25,0.0305
87.30,2.1327,0.3258,0.6569,-2.60,389,2.2371,0.4229,45.53,0.0305
87.40,2.1413,0.3328,0.6571,-0.73,389,2.2403,0.4335,46.22,0.0304
87.51,2.1511,0.3419,0.6572,1.55,390,2.2442,0.4492,47.49,0.0305
87.62,2.1588,0.3498,0.6570,3.39,390,2.2464,0.4600,48.12,0.0307
87.73,2.1662,0.3580,0.6570,5.27,391,2.2482,0.4737,49.42,0.0307
87.81,2.1732,0.3666,0.6570,7.16,391,2.2490,0.4849,50.19,0.0309
87.90,2.1785,0.3737,0.6570,8.67,392,2.2496,0.4970,51.38,0.0309
87.99,2.1835,0.3811,0.6570,10.18,392,2.2498,0.5059,51.86,0.0308
88.07,2.1893,0.3904,0.6570,12.06,393,2.2500,0.5205,52.93,0.0309
88.18,2.1947,0.4001,0.6570,13.96,393,2.2500,0.5316,53.22,0.0305
88.29,2.2005,0.4120,0.6570,16.24,394,2.2500,0.5476,53.68,0.0304
88.40,2.2046,0.4223,0.6572,18.12,394,2.2500,0.5587,53.48,0.0303
88.50,2.2083,0.4329,0.6572,19.99,395,2.2500,0.5726,53.39,0.0305
88.61,2.2120,0.4456,0.6571,22.20,395,2.2500,0.5860,52.67,0.0305
88.72,2.2148,0.4564,0.6569,24.04,396,2.2500,0.6001,52.18,0.0303
88.84,2.2175,0.4694,0.6567,26.22,396,2.2500,0.6134,51.08,0.0301
88.94,2.2195,0.4804,0.6566,28.03,397,2.2500,0.6282,50.31,0.0291
89.04,2.2212,0.4915,0.6566,29.82,397,2.2500,0.6394,49.15,0.0282
89.12,2.2224,0.5004,0.6566,31.26,398,2.2500,0.6498,48.25,0.0273
89.20,2.2234,0.5095,0.6568,32.70,398,2.2500,0.6588,47.20,0.0264
89.29,2.2243,0.5185,0.6570,34.09,399,2.2500,0.6685,46.19,0.0257
89.37,2.2253,0.5300,0.6573,35.88,399,2.2500,0.6800,44.78,0.0247
89.46,2.2260,0.5392,0.6576,37.30,399,2.2500,0.6892,43.63,0.0240
89.54,2.2266,0.5485,0.6579,38.70,400,2.2500,0.6985,42.43,0.0234
89.63,2.2273,0.5602,0.6584,40.47,400,2.2500,0.7102,40.91,0.0227
89.75,2.2281,0.5742,0.6589,42.62,401,2.2500,0.7242,39.07,0.0219
89.86,2.2287,0.5858,0.6592,44.41,401,2.2500,0.7358,37.49,0.0213
89.97,2.2292,0.5997,0.6595,46.57,402,2.2500,0.7497,35.53,0.0208
90.08,2.2295,0.6113,0.6598,48.35,402,2.2500,0.7613,33.86,0.0205
90.19,2.2299,0.6252,0.6602,50.51,403,2.2500,0.7752,31.86,0.0201
90.30,2.2302,0.6368,0.6605,52.30,403,2.2500,0.7868,30.18,0.0198
90.41,2.2305,0.6484,0.6608,54.10,404,2.2500,0.7984,28.50,0.0195
90.52,2.2309,0.6623,0.6611,56.26,404,2.2500,0.8123,26.49,0.0191
90.62,2.2312,0.6737,0.6612,58.10,405,2.2500,0.8237,24.77,0.0188
90.73,2.2313,0.6853,0.6612,59.92,405,2.2500,0.8353,22.97,0.0187
90.82,2.2312,0.6968,0.6614,61.74,406,2.2500,0.8468,21.13,0.0188
90.90,2.2312,0.7061,0.6615,63.19,406,2.2500,0.8561,19.67,0.0188
90.98,2.2312,0.7153,0.6617,64.65,406,2.2500,0.8653,18.20,0.0188
91.07,2.2312,0.7245,0.6619,66.11,407,2.2500,0.8745,16.73,0.0188
91.15,2.2311,0.7361,0.6621,67.94,407,2.2500,0.8861,14.88,0.0189
91.25,2.2313,0.7476,0.6625,69.77,408,2.2500,0.8976,13.11,0.0187
91.33,2.2315,0.7568,0.6626,71.24,408,2.2500,0.9068,11.72,0.0185
91.42,2.2317,0.7659,0.6627,72.72,408,2.2500,0.9159,10.32,0.0183
91.50,2.2319,0.7751,0.6627,74.20,409,2.2500,0.9251,8.92,0.0181
91.59,2.2320,0.7843,0.6628,75.68,409,2.2500,0.9343,7.49,0.0180
91.67,2.2322,0.7958,0.6629,77.53,410,2.2500,0.9458,5.72,0.0178
91.76,2.2324,0.8050,0.6628,79.01,410,2.2500,0.9550,4.29,0.0176
91.84,2.2324,0.8142,0.6628,80.50,410,2.2500,0.9642,2.80,0.0176
91.93,2.2325,0.8257,0.6630,82.34,411,2.2500,0.9757,1.01,0.0175
92.06,2.2328,0.8372,0.6631,84.06,411,2.2500,0.9872,-0.62,0.0172
92.19,2.2331,0.8532,0.6631,86.14,412,2.2500,1.0032,-2.56,0.0169
92.30,2.2333,0.8646,0.6632,87.32,412,2.2500,1.0146,-3.67,0.0167
92.38,2.2335,0.8738,0.6633,88.03,413,2.2500,1.0238,-4.32,0.0165
92.47,2.2339,0.8852,0.6634,88.69,413,2.2500,1.0352,-4.82,0.0161
92.56,2.2344,0.8944,0.6635,89.06,414,2.2500,1.0444,-5.01,0.0156
92.64,2.2350,0.9034,0.6634,89.37,414,2.2500,1.0534,-5.08,0.0150
92.73,2.2359,0.9147,0.6631,89.66,414,2.2500,1.0647,-5.04,0.0141
92.82,2.2366,0.9238,0.6629,89.83,415,2.2500,1.0738,-4.94,0.0134
92.91,2.2376,0.9351,0.6624,90.01,415,2.2500,1.0851,-4.74,0.0124
92.99,2.2384,0.9441,0.6620,90.12,416,2.2500,1.0941,-4.55,0.0116
93.08,2.2391,0.9531,0.6616,90.19,416,2.2500,1.1031,-4.34,0.0109
93.17,2.2401,0.9644,0.6612,90.27,416,2.2500,1.1144,-4.06,0.0099
93.26,2.2408,0.9734,0.6608,90.30,417,2.2500,1.1234,-3.81,0.0092
93.37,2.2418,0.9870,0.6604,90.33,417,2.2500,1.1370,-3.45,0.0082
93.48,2.2426,0.9984,0.6601,90.34,418,2.2500,1.1484,-3.16,0.0074
93.59,2.2433,1.0097,0.6598,90.35,418,2.2500,1.1597,-2.89,0.0067
93.69,2.2441,1.0233,0.6595,90.35,419,2.2500,1.1733,-2.59,0.0059
93.80,2.2447,1.0347,0.6593,90.35,419,2.2500,1.1847,-2.36,0.0053
93.91,2.2454,1.0483,0.6591,90.35,420,2.2500,1.1983,-2.11,0.0046
94.00,2.2457,1.0574,0.6589,90.35,420,2.2500,1.2074,-1.97,0.0043
94.08,2.2461,1.0665,0.6588,90.34,421,2.2500,1.2165,-1.84,0.0039
94.18,2.2465,1.0779,0.6586,90.34,421,2.2500,1.2279,-1.69,0.0035
94.29,2.2469,1.0915,0.6584,90.34,422,2.2500,1.2415,-1.51,0.0031
94.39,2.2472,1.1029,0.6583,90.34,422,2.2500,1.2529,-1.40,0.0028
94.47,2.2474,1.1120,0.6582,90.34,422,2.2500,1.2620,-1.32,0.0026
94.55,2.2476,1.1212,0.6581,90.34,423,2.2500,1.2712,-1.24,0.0024
94.65,2.2478,1.1325,0.6580,90.34,423,2.2500,1.2825,-1.17,0.0022
94.74,2.2480,1.1417,0.6579,90.34,424,2.2500,1.2917,-1.11,0.0020
94.85,2.2482,1.1553,0.6577,90.34,424,2.2500,1.3053,-1.04,0.0018
94.96,2.2483,1.1667,0.6576,90.34,425,2.2500,1.3167,-0.99,0.0017
95.07,2.2484,1.1804,0.6575,90.34,425,2.2500,1.3304,-0.93,0.0016
95.18,2.2485,1.1918,0.6574,90.34,426,2.2500,1.3418,-0.89,0.0015
95.29,2.2487,1.2055,0.6573,90.34,426,2.2500,1.3555,-0.85,0.0013
95.40,2.2487,1.2169,0.6572,90.34,427,2.2500,1.3669,-0.82,0.0013
95.49,2.2488,1.2283,0.6571,90.34,427,2.2500,1.3783,-0.79,0.0012
95.57,2.2489,1.2375,0.6571,90.34,427,2.2500,1.3875,-0.78,0.0011
95.66,2.2489,1.2466,0.6570,90.34,428,2.2500,1.3966,-0.76,0.0011
95.74,2.2489,1.2557,0.6570,90.34,428,2.2500,1.4057,-0.74,0.0011
95.83,2.2490,1.2671,0.6569,90.34,429,2.2500,1.4171,-0.73,0.0010
95.92,2.2490,1.2763,0.6569,90.34,429,2.2500,1.4263,-0.72,0.0010
96.04,2.2490,1.2900,0.6568,90.34,429,2.2500,1.4400,-0.70,0.0010
96.15,2.2491,1.3037,0.6567,90.34,430,2.2500,1.4537,-0.69,0.0009
96.25,2.2491,1.3151,0.6567,90.34,430,2.2500,1.4651,-0.68,0.0009
96.37,2.2491,1.3288,0.6567,90.34,431,2.2500,1.4788,-0.67,0.0009
96.47,2.2491,1.3402,0.6566,90.34,431,2.2500,1.4902,-0.66,0.0009
96.58,2.2492,1.3517,0.6566,90.34,432,2.2500,1.5017,-0.66,0.0008
96.69,2.2492,1.3654,0.6566,90.34,432,2.2500,1.5154,-0.65,0.0008
96.80,2.2492,1.3768,0.6565,90.34,433,2.2500,1.5268,-0.65,0.0008
96.88,2.2492,1.3860,0.6565,90.34,433,2.2500,1.5360,-0.64,0.0008
96.96,2.2492,1.3951,0.6565,90.34,434,2.2500,1.5451,-0.64,0.0008
97.04,2.2492,1.4042,0.6565,90.34,434,2.2500,1.5542,-0.64,0.0008
97.13,2.2492,1.4157,0.6565,90.34,434,2.2500,1.5657,-0.64,0.0008
97.21,2.2492,1.4248,0.6564,90.34,435,2.2500,1.5748,-0.63,0.0008
97.30,2.2492,1.4340,0.6564,90.34,435,2.2500,1.5840,-0.63,0.0008
97.39,2.2492,1.4454,0.6564,90.34,436,2.2500,1.5954,-0.63,0.0008
97.47,2.2492,1.4545,0.6564,90.34,436,2.2500,1.6045,-0.63,0.0008
97.56,2.2492,1.4637,0.6564,90.34,436,2.2500,1.6137,-0.63,0.0008
97.64,2.2492,1.4728,0.6564,90.34,437,2.2500,1.6228,-0.63,0.0008
97.73,2.2492,1.4843,0.6564,90.34,437,2.2500,1.6343,-0.63,0.0008
97.83,2.2492,1.4957,0.6564,90.34,438,2.2500,1.6457,-0.63,0.0008
97.91,2.2492,1.5048,0.6564,90.34,438,2.2500,1.6548,-0.62,0.0008
98.00,2.2493,1.5140,0.6564,90.34,438,2.2500,1.6640,-0.62,0.0007
98.08,2.2493,1.5231,0.6564,90.34,439,2.2500,1.6731,-0.62,0.0007
98.17,2.2493,1.5346,0.6563,90.34,439,2.2500,1.6846,-0.62,0.0007
98.25,2.2493,1.5437,0.6563,90.34,440,2.2500,1.6937,-0.62,0.0007
98.34,2.2493,1.5529,0.6563,90.34,440,2.2500,1.7029,-0.62,0.0007
98.42,2.2493,1.5620,0.6563,90.34,440,2.2500,1.7120,-0.62,0.0007
98.51,2.2493,1.5735,0.6563,90.34,441,2.2500,1.7235,-0.62,0.0007
98.62,2.2493,1.5849,0.6563,90.34,441,2.2500,1.7349,-0.62,0.0007
98.73,2.2493,1.5986,0.6563,90.34,442,2.2500,1.7486,-0.62,0.0007
98.84,2.2493,1.6100,0.6563,90.34,442,2.2500,1.7600,-0.62,0.0007
98.95,2.2493,1.6238,0.6563,90.34,443,2.2500,1.7738,-0.62,0.0007
99.06,2.2493,1.6352,0.6563,90.34,443,2.2500,1.7852,-0.62,0.0007
99.17,2.2493,1.6489,0.6563,90.34,444,2.2500,1.7989,-0.62,0.0007
99.28,2.2493,1.6604,0.6563,90.34,444,2.2500,1.8104,-0.62,0.0007
99.39,2.2493,1.6741,0.6563,90.34,445,2.2500,1.8241,-0.62,0.0007
99.50,2.2493,1.6855,0.6563,90.34,445,2.2500,1.8355,-0.62,0.0007
99.61,2.2493,1.6993,0.6563,90.34,446,2.2500,1.8493,-0.62,0.0007
99.71,2.2493,1.7107,0.6563,90.34,446,2.2500,1.8607,-0.62,0.0007
99.83,2.2493,1.7221,0.6563,90.34,447,2.2500,1.8721,-0.62,0.0007
99.93,2.2493,1.7358,0.6563,90.34,447,2.2500,1.8858,-0.62,0.0007
100.04,2.2493,1.7473,0.6563,90.34,448,2.2500,1.8973,-0.62,0.0007
100.14,2.2493,1.7587,0.6563,90.34,448,2.2500,1.9087,-0.62,0.0007
100.23,2.2493,1.7702,0.6563,90.34,449,2.2500,1.9202,-0.62,0.0007
100.33,2.2493,1.7816,0.6563,90.34,449,2.2500,1.9316,-0.62,0.0007
100.42,2.2493,1.7907,0.6563,90.34,449,2.2500,1.9407,-0.62,0.0007
100.51,2.2493,1.7999,0.6563,90.34,450,2.2500,1.9499,-0.62,0.0007
100.59,2.2493,1.8113,0.6563,90.34,450,2.2500,1.9613,-0.62,0.0007
100.68,2.2493,1.8205,0.6563,90.34,451,2.2500,1.9705,-0.62,0.0007
100.77,2.2493,1.8296,0.6563,90.34,451,2.2500,1.9796,-0.62,0.0007
100.85,2.2493,1.8411,0.6563,90.34,452,2.2500,1.9911,-0.62,0.0007
100.94,2.2493,1.8502,0.6563,90.34,452,2.2504,2.0002,-0.77,0.0007
101.03,2.2493,1.8594,0.6563,90.34,452,2.2508,2.0093,-0.91,0.0007
101.11,2.2493,1.8708,0.6563,90.34,453,2.2516,2.0207,-1.22,0.0007
101.20,2.2493,1.8799,0.6563,90.34,453,2.2526,2.0298,-1.60,0.0007
101.29,2.2493,1.8914,0.6563,90.32,454,2.2538,2.0412,-2.07,0.0007
101.37,2.2493,1.9006,0.6564,90.28,454,2.2556,2.0501,-2.72,0.0007
101.46,2.2493,1.9097,0.6564,90.22,454,2.2575,2.0591,-3.35,0.0007
101.54,2.2493,1.9189,0.6565,90.11,455,2.2596,2.0680,-4.06,0.0007
101.63,2.2495,1.9304,0.6568,89.86,455,2.2633,2.0789,-5.19,0.0005
101.72,2.2498,1.9396,0.6570,89.61,455,2.2663,2.0876,-5.98,0.0002
101.81,2.2503,1.9510,0.6572,89.20,456,2.2708,2.0981,-7.16,0.0003
101.90,2.2508,1.9602,0.6574,88.80,456,2.2746,2.1064,-8.03,0.0008
101.99,2.2517,1.9717,0.6577,88.13,457,2.2797,2.1167,-9.08,0.0017
102.08,2.2526,1.9808,0.6579,87.51,457,2.2842,2.1246,-9.89,0.0026
102.16,2.2537,1.9900,0.6581,86.76,457,2.2886,2.1326,-10.52,0.0037
102.25,2.2554,2.0014,0.6584,85.56,458,2.2951,2.1422,-11.32,0.0050
102.33,2.2571,2.0104,0.6587,84.43,458,2.3003,2.1497,-11.65,0.0063
102.41,2.2592,2.0194,0.6589,83.20,459,2.3061,2.1573,-11.97,0.0078
102.50,2.2616,2.0282,0.6589,81.88,459,2.3121,2.1641,-12.24,0.0092
102.61,2.2657,2.0412,0.6587,79.77,460,2.3218,2.1747,-12.57,0.0116
102.74,2.2704,2.0540,0.6585,77.65,460,2.3317,2.1839,-12.91,0.0137
102.85,2.2757,2.0664,0.6581,75.54,461,2.3433,2.1938,-13.50,0.0157
102.96,2.2804,2.0766,0.6579,73.77,461,2.3521,2.2006,-13.81,0.0169
103.07,2.2867,2.0886,0.6575,71.66,462,2.3645,2.2093,-14.48,0.0183
103.19,2.2934,2.1003,0.6573,69.54,462,2.3758,2.2164,-14.88,0.0197
103.30,2.2994,2.1097,0.6571,67.78,463,2.3873,2.2225,-15.67,0.0206
103.41,2.3071,2.1207,0.6569,65.67,463,2.3992,2.2285,-16.19,0.0219
103.52,2.3140,2.1295,0.6567,63.90,464,2.4115,2.2331,-17.18,0.0227
103.63,2.3225,2.1397,0.6564,61.79,465,2.4267,2.2384,-18.35,0.0239
103.75,2.3315,2.1496,0.6563,59.67,465,2.4396,2.2418,-19.22,0.0241
103.85,2.3378,2.1559,0.6562,58.27,466,2.4507,2.2445,-20.15,0.0246
103.93,2.3442,2.1620,0.6562,56.86,466,2.4594,2.2459,-20.78,0.0246
104.01,2.3527,2.1693,0.6562,55.10,466,2.4704,2.2477,-21.41,0.0250
104.09,2.3597,2.1748,0.6562,53.68,467,2.4816,2.2488,-22.41,0.0251
104.18,2.3669,2.1800,0.6562,52.28,467,2.4905,2.2494,-22.96,0.0254
104.28,2.3763,2.1862,0.6563,50.51,468,2.5040,2.2496,-24.09,0.0258
104.37,2.3839,2.1908,0.6562,49.09,468,2.5129,2.2491,-24.78,0.0260
104.46,2.3937,2.1961,0.6562,47.31,469,2.5269,2.2480,-26.04,0.0266
104.56,2.4037,2.2009,0.6562,45.55,469,2.5378,2.2463,-26.84,0.0267
104.68,2.4161,2.2060,0.6562,43.42,470,2.5539,2.2434,-28.27,0.0271
104.81,2.4286,2.2105,0.6561,41.30,470,2.5668,2.2402,-29.15,0.0271
104.92,2.4415,2.2142,0.6561,39.17,471,2.5820,2.2356,-30.50,0.0272
105.03,2.4523,2.2166,0.6561,37.40,471,2.5925,2.2320,-31.15,0.0275
105.14,2.4655,2.2189,0.6561,35.27,472,2.6070,2.2254,-32.65,0.0277
105.26,2.4787,2.2206,0.6560,33.13,473,2.6213,2.2180,-34.16,0.0280
105.38,2.4920,2.2214,0.6560,30.99,473,2.6326,2.2110,-35.21,0.0280
105.49,2.5053,2.2215,0.6560,28.85,474,2.6464,2.2017,-36.87,0.0279
105.61,2.5186,2.2208,0.6561,26.70,474,2.6571,2.1937,-37.78,0.0279
105.72,2.5297,2.2195,0.6561,24.90,475,2.6675,2.1848,-39.04,0.0277
105.84,2.5427,2.2171,0.6562,22.76,475,2.6774,2.1759,-39.79,0.0282
105.95,2.5536,2.2145,0.6562,20.98,476,2.6865,2.1657,-41.15,0.0281
106.05,2.5664,2.2109,0.6561,18.83,477,2.6967,2.1535,-42.58,0.0285
106.14,2.5748,2.2080,0.6561,17.38,477,2.7019,2.1463,-43.30,0.0284
106.24,2.5851,2.2040,0.6561,15.58,478,2.7103,2.1341,-44.76,0.0288
106.35,2.5972,2.1986,0.6562,13.43,478,2.7169,2.1227,-45.79,0.0284
106.46,2.6070,2.1933,0.6563,11.61,479,2.7235,2.1106,-47.00,0.0285
106.57,2.6184,2.1865,0.6563,9.47,479,2.7291,2.0986,-47.93,0.0283
106.68,2.6277,2.1802,0.6564,7.64,480,2.7343,2.0858,-49.15,0.0284
106.79,2.6383,2.1720,0.6564,5.47,480,2.7386,2.0731,-50.05,0.0286
106.90,2.6467,2.1647,0.6564,3.65,481,2.7421,2.0598,-51.35,0.0288
107.01,2.6563,2.1555,0.6565,1.47,481,2.7450,2.0468,-52.25,0.0292
107.12,2.6638,2.1473,0.6565,-0.35,482,2.7471,2.0324,-53.73,0.0291
107.22,2.6709,2.1389,0.6563,-2.12,482,2.7484,2.0215,-54.44,0.0294
107.33,2.6791,2.1285,0.6562,-4.32,483,2.7494,2.0053,-55.94,0.0289
107.43,2.6854,2.1194,0.6562,-6.14,484,2.7500,1.9917,-57.02,0.0289
107.54,2.6912,2.1100,0.6562,-7.97,484,2.7500,1.9806,-57.59,0.0286
107.65,2.6975,2.0983,0.6562,-10.15,485,2.7500,1.9647,-58.40,0.0287
107.75,2.7013,2.0904,0.6563,-11.61,485,2.7500,1.9558,-58.50,0.0286
107.83,2.7056,2.0801,0.6565,-13.44,486,2.7500,1.9415,-58.82,0.0290
107.91,2.7087,2.0717,0.6564,-14.88,486,2.7500,1.9326,-58.59,0.0288
108.00,2.7115,2.0633,0.6564,-16.32,486,2.7500,1.9237,-58.26,0.0289
108.09,2.7145,2.0525,0.6564,-18.10,487,2.7500,1.9093,-57.99,0.0285
108.17,2.7167,2.0439,0.6563,-19.51,487,2.7500,1.9004,-57.43,0.0282
108.26,2.7186,2.0352,0.6563,-20.92,488,2.7500,1.8888,-56.98,0.0279
108.35,2.7203,2.0264,0.6563,-22.29,488,2.7500,1.8799,-56.25,0.0273
108.43,2.7223,2.0153,0.6564,-24.02,489,2.7500,1.8666,-55.40,0.0267
108.52,2.7236,2.0063,0.6565,-25.41,489,2.7500,1.8576,-54.53,0.0257
108.60,2.7249,1.9973,0.6566,-26.79,489,2.7500,1.8486,-53.62,0.0249
108.69,2.7262,1.9859,0.6568,-28.52,490,2.7500,1.8359,-52.46,0.0238
108.78,2.7270,1.9768,0.6570,-29.87,490,2.7500,1.8268,-51.43,0.0230
108.86,2.7278,1.9675,0.6572,-31.24,491,2.7500,1.8175,-50.35,0.0222
108.96,2.7286,1.9559,0.6575,-32.90,491,2.7500,1.8059,-48.97,0.0214
109.07,2.7295,1.9420,0.6580,-34.93,492,2.7500,1.7920,-47.29,0.0205
109.18,2.7302,1.9304,0.6582,-36.64,492,2.7500,1.7804,-45.85,0.0198
109.29,2.7309,1.9165,0.6584,-38.67,493,2.7500,1.7665,-44.07,0.0191
109.40,2.7314,1.9049,0.6587,-40.36,493,2.7500,1.7549,-42.56,0.0186
109.50,2.7318,1.8933,0.6589,-42.05,494,2.7500,1.7433,-41.04,0.0182
109.61,2.7323,1.8794,0.6592,-44.07,494,2.7500,1.7294,-39.19,0.0177
109.72,2.7327,1.8678,0.6594,-45.78,495,2.7500,1.7178,-37.65,0.0173
109.83,2.7331,1.8540,0.6594,-47.86,495,2.7500,1.7040,-35.71,0.0169
109.93,2.7331,1.8425,0.6595,-49.57,496,2.7500,1.6925,-34.02,0.0169
110.04,2.7331,1.8309,0.6597,-51.27,496,2.7500,1.6809,-32.32,0.0169
110.15,2.7332,1.8171,0.6599,-53.31,497,2.7500,1.6671,-30.28,0.0168
110.25,2.7332,1.8055,0.6601,-55.02,497,2.7500,1.6555,-28.58,0.0168
110.34,2.7332,1.7963,0.6603,-56.39,497,2.7500,1.6463,-27.22,0.0168
110.45,2.7333,1.7825,0.6605,-58.44,498,2.7500,1.6325,-25.19,0.0167
110.56,2.7334,1.7710,0.6607,-60.16,498,2.7500,1.6210,-23.51,0.0166
110.67,2.7336,1.7572,0.6608,-62.24,499,2.7500,1.6072,-21.51,0.0164
110.78,2.7336,1.7457,0.6609,-63.96,499,2.7500,1.5957,-19.81,0.0164
110.89,2.7338,1.7342,0.6610,-65.69,500,2.7500,1.5842,-18.13,0.0162
110.99,2.7339,1.7204,0.6611,-67.77,500,2.7500,1.5704,-16.11,0.0161
111.10,2.7341,1.7090,0.6612,-69.51,501,2.7500,1.5590,-14.45,0.0159
111.20,2.7343,1.6975,0.6613,-71.25,501,2.7500,1.5475,-12.79,0.0157
111.31,2.7346,1.6837,0.6614,-73.35,502,2.7500,1.5337,-10.79,0.0154
111.42,2.7349,1.6723,0.6614,-75.09,502,2.7500,1.5223,-9.17,0.0151
111.52,2.7352,1.6609,0.6613,-76.85,503,2.7500,1.5109,-7.51,0.0148
111.63,2.7351,1.6471,0.6611,-78.95,503,2.7500,1.4971,-5.38,0.0149
111.73,2.7350,1.6356,0.6612,-80.70,504,2.7500,1.4856,-3.61,0.0150
111.85,2.7350,1.6242,0.6612,-82.46,504,2.7500,1.4742,-1.85,0.0150
111.95,2.7350,1.6104,0.6613,-84.42,505,2.7500,1.4604,0.12,0.0150
112.03,2.7350,1.6012,0.6615,-85.54,505,2.7500,1.4512,1.25,0.0150
112.12,2.7351,1.5921,0.6617,-86.51,506,2.7500,1.4421,2.18,0.0149
112.20,2.7352,1.5829,0.6619,-87.31,506,2.7500,1.4329,2.94,0.0148
112.28,2.7354,1.5737,0.6622,-87.92,506,2.7500,1.4237,3.48,0.0146
112.37,2.7358,1.5623,0.6624,-88.54,507,2.7500,1.4123,3.94,0.0142
112.45,2.7362,1.5532,0.6624,-88.85,507,2.7500,1.4032,4.10,0.0138
112.54,2.7368,1.5441,0.6625,-89.09,507,2.7500,1.3941,4.11,0.0132
112.62,2.7375,1.5350,0.6624,-89.27,508,2.7500,1.3850,4.03,0.0125
112.71,2.7384,1.5237,0.6621,-89.42,508,2.7500,1.3737,3.83,0.0116
112.80,2.7392,1.5147,0.6618,-89.51,509,2.7500,1.3647,3.62,0.0108
112.89,2.7400,1.5057,0.6615,-89.57,509,2.7500,1.3557,3.39,0.0100
112.97,2.7410,1.4944,0.6611,-89.64,509,2.7500,1.3444,3.07,0.0090
113.05,2.7418,1.4854,0.6607,-89.67,510,2.7500,1.3354,2.81,0.0082
113.14,2.7425,1.4763,0.6604,-89.68,510,2.7500,1.3263,2.53,0.0075
113.22,2.7432,1.4673,0.6602,-89.69,511,2.7500,1.3173,2.27,0.0068
113.31,2.7441,1.4559,0.6599,-89.69,511,2.7500,1.3059,1.96,0.0059
113.39,2.7447,1.4469,0.6597,-89.69,511,2.7500,1.2969,1.73,0.0053
113.48,2.7452,1.4378,0.6595,-89.69,512,2.7500,1.2878,1.51,0.0048
113.57,2.7458,1.4287,0.6594,-89.69,512,2.7500,1.2787,1.31,0.0042
113.65,2.7464,1.4174,0.6592,-89.68,513,2.7500,1.2674,1.06,0.0036
113.74,2.7468,1.4083,0.6591,-89.68,513,2.7500,1.2583,0.89,0.0032
113.87,2.7475,1.3923,0.6588,-89.67,514,2.7500,1.2423,0.64,0.0025
113.99,2.7479,1.3810,0.6587,-89.67,514,2.7500,1.2310,0.48,0.0021
114.10,2.7483,1.3673,0.6585,-89.67,515,2.7500,1.2173,0.31,0.0017
114.21,2.7486,1.3559,0.6584,-89.66,515,2.7500,1.2059,0.19,0.0014
114.32,2.7490,1.3423,0.6582,-89.66,516,2.7500,1.1923,0.06,0.0010
114.43,2.7492,1.3309,0.6581,-89.66,516,2.7500,1.1809,-0.02,0.0008
114.53,2.7494,1.3172,0.6579,-89.66,517,2.7500,1.1672,-0.11,0.0006
114.65,2.7496,1.3036,0.6578,-89.66,517,2.7500,1.1536,-0.20,0.0004
114.74,2.7498,1.2944,0.6577,-89.66,517,2.7500,1.1444,-0.24,0.0002
114.83,2.7499,1.2853,0.6576,-89.66,518,2.7500,1.1353,-0.29,0.0001
114.94,2.7500,1.2716,0.6575,-89.66,518,2.7500,1.1216,-0.34,0.0000
115.07,2.7501,1.2557,0.6573,-89.66,519,2.7500,1.1057,-0.39,0.0001
115.18,2.7502,1.2443,0.6573,-89.66,519,2.7500,1.0943,-0.43,0.0002
115.29,2.7503,1.2306,0.6572,-89.66,520,2.7500,1.0806,-0.46,0.0003
115.40,2.7504,1.2192,0.6571,-89.66,520,2.7500,1.0692,-0.48,0.0004
115.51,2.7504,1.2055,0.6570,-89.66,521,2.7500,1.0555,-0.50,0.0004
115.62,2.7505,1.1941,0.6569,-89.66,521,2.7500,1.0441,-0.52,0.0005
115.73,2.7505,1.1826,0.6569,-89.66,522,2.7500,1.0326,-0.53,0.0005
115.83,2.7505,1.1689,0.6568,-89.66,522,2.7500,1.0189,-0.55,0.0005
115.94,2.7506,1.1575,0.6568,-89.66,523,2.7500,1.0075,-0.56,0.0006
116.05,2.7506,1.1438,0.6567,-89.66,524,2.7500,0.9938,-0.57,0.0006
116.16,2.7506,1.1324,0.6567,-89.66,524,2.7500,0.9824,-0.57,0.0006
116.27,2.7506,1.1210,0.6566,-89.66,524,2.7500,0.9710,-0.58,0.0006
116.38,2.7507,1.1073,0.6566,-89.66,525,2.7500,0.9573,-0.59,0.0007
116.49,2.7507,1.0958,0.6566,-89.66,525,2.7500,0.9458,-0.59,0.0007
116.59,2.7507,1.0821,0.6565,-89.66,526,2.7500,0.9321,-0.60,0.0007
116.70,2.7507,1.0707,0.6565,-89.66,526,2.7500,0.9207,-0.60,0.0007
116.82,2.7507,1.0570,0.6565,-89.66,527,2.7500,0.9070,-0.60,0.0007
116.93,2.7507,1.0433,0.6565,-89.66,528,2.7500,0.8933,-0.60,0.0007
117.04,2.7507,1.0318,0.6564,-89.66,528,2.7500,0.8818,-0.61,0.0007
117.15,2.7507,1.0181,0.6564,-89.66,529,2.7500,0.8681,-0.61,0.0007
117.26,2.7507,1.0067,0.6564,-89.66,529,2.7500,0.8567,-0.61,0.0007
117.36,2.7507,0.9952,0.6564,-89.66,529,2.7500,0.8452,-0.61,0.0007
117.47,2.7507,0.9815,0.6564,-89.66,530,2.7500,0.8315,-0.61,0.0007
117.58,2.7507,0.9701,0.6564,-89.66,530,2.7500,0.8201,-0.61,0.0007
117.69,2.7507,0.9564,0.6564,-89.66,531,2.7500,0.8064,-0.61,0.0007
117.80,2.7507,0.9449,0.6564,-89.66,531,2.7500,0.7949,-0.61,0.0007
117.91,2.7507,0.9312,0.6564,-89.66,532,2.7500,0.7812,-0.62,0.0007
118.02,2.7507,0.9198,0.6563,-89.66,532,2.7500,0.7698,-0.62,0.0007
118.13,2.7507,0.9061,0.6563,-89.66,533,2.7500,0.7561,-0.62,0.0007
118.24,2.7507,0.8946,0.6563,-89.66,533,2.7500,0.7446,-0.62,0.0007
118.34,2.7507,0.8832,0.6563,-89.66,534,2.7500,0.7332,-0.62,0.0007
118.45,2.7507,0.8695,0.6563,-89.66,534,2.7500,0.7195,-0.62,0.0007
118.56,2.7507,0.8580,0.6563,-89.66,535,2.7500,0.7080,-0.62,0.0007
118.66,2.7507,0.8466,0.6563,-89.66,535,2.7500,0.6966,-0.62,0.0007
118.78,2.7507,0.8329,0.6563,-89.66,536,2.7500,0.6829,-0.62,0.0007
118.86,2.7507,0.8237,0.6563,-89.66,536,2.7500,0.6737,-0.62,0.0007
118.94,2.7507,0.8146,0.6563,-89.66,537,2.7500,0.6646,-0.62,0.0007
119.02,2.7507,0.8054,0.6563,-89.66,537,2.7500,0.6554,-0.62,0.0007
119.11,2.7507,0.7940,0.6563,-89.66,537,2.7500,0.6440,-0.62,0.0007
119.19,2.7507,0.7848,0.6563,-89.66,538,2.7500,0.6348,-0.62,0.0007
119.27,2.7507,0.7757,0.6563,-89.66,538,2.7500,0.6257,-0.62,0.0007
119.36,2.7507,0.7665,0.6563,-89.66,539,2.7500,0.6165,-0.62,0.0007
119.44,2.7507,0.7574,0.6563,-89.66,539,2.7500,0.6074,-0.62,0.0007
119.53,2.7507,0.7460,0.6563,-89.66,539,2.7500,0.5960,-0.62,0.0007
119.63,2.7507,0.7368,0.6563,-89.66,540,2.7500,0.5868,-0.62,0.0007
119.72,2.7507,0.7254,0.6563,-89.66,540,2.7500,0.5754,-0.62,0.0007
119.81,2.7507,0.7139,0.6563,-89.66,541,2.7500,0.5639,-0.62,0.0007
119.91,2.7507,0.7048,0.6563,-89.66,541,2.7500,0.5548,-0.62,0.0007
120.02,2.7507,0.6911,0.6563,-89.66,542,2.7500,0.5411,-0.62,0.0007
120.12,2.7507,0.6796,0.6563,-89.66,542,2.7500,0.5296,-0.62,0.0007
120.22,2.7507,0.6682,0.6563,-89.66,543,2.7500,0.5182,-0.62,0.0007
120.33,2.7507,0.6545,0.6563,-89.66,543,2.7500,0.5045,-0.62,0.0007
120.43,2.7507,0.6430,0.6563,-89.66,544,2.7500,0.4930,-0.62,0.0007
120.54,2.7507,0.6316,0.6563,-89.66,544,2.7500,0.4816,-0.62,0.0007
120.65,2.7507,0.6179,0.6563,-89.66,545,2.7500,0.4679,-0.62,0.0007
120.76,2.7507,0.6064,0.6563,-89.66,545,2.7500,0.4564,-0.62,0.0007
120.88,2.7507,0.5927,0.6563,-89.66,546,2.7500,0.4427,-0.62,0.0007
120.99,2.7507,0.5813,0.6563,-89.66,546,2.7500,0.4313,-0.62,0.0007
121.09,2.7507,0.5675,0.6563,-89.66,547,2.7500,0.4175,-0.62,0.0007
121.20,2.7507,0.5561,0.6563,-89.66,547,2.7500,0.4061,-0.62,0.0007
121.31,2.7507,0.5424,0.6563,-89.66,548,2.7500,0.3924,-0.62,0.0007
121.41,2.7507,0.5309,0.6563,-89.66,548,2.7500,0.3809,-0.62,0.0007
121.53,2.7507,0.5172,0.6563,-89.66,549,2.7500,0.3672,-0.62,0.0007
121.64,2.7507,0.5058,0.6563,-89.66,549,2.7500,0.3558,-0.62,0.0007
121.75,2.7507,0.4921,0.6563,-89.66,550,2.7500,0.3421,-0.62,0.0007
121.84,2.7507,0.4829,0.6563,-89.66,550,2.7500,0.3329,-0.62,0.0007
121.92,2.7507,0.4738,0.6563,-89.66,550,2.7500,0.3238,-0.62,0.0007
122.01,2.7507,0.4646,0.6563,-89.66,551,2.7500,0.3146,-0.62,0.0007
122.10,2.7507,0.4532,0.6563,-89.66,551,2.7500,0.3032,-0.62,0.0007
122.19,2.7507,0.4417,0.6563,-89.66,552,2.7500,0.2917,-0.62,0.0007
122.28,2.7507,0.4326,0.6563,-89.66,552,2.7500,0.2826,-0.62,0.0007
122.36,2.7507,0.4234,0.6563,-89.66,552,2.7500,0.2734,-0.62,0.0007
122.45,2.7507,0.4143,0.6563,-89.66,553,2.7500,0.2643,-0.62,0.0007
122.53,2.7507,0.4029,0.6563,-89.66,553,2.7500,0.2529,-0.62,0.0007
122.62,2.7507,0.3937,0.6563,-89.66,554,2.7500,0.2500,-0.63,0.0007
122.71,2.7507,0.3846,0.6563,-89.66,554,2.7500,0.2500,-0.65,0.0007
122.81,2.7507,0.3708,0.6563,-89.66,554,2.7500,0.2500,-0.69,0.0007
122.94,2.7507,0.3571,0.6563,-89.66,555,2.7500,0.2500,-0.73,0.0007
123.05,2.7507,0.3434,0.6563,-89.66,556,2.7500,0.2500,-0.79,0.0007
