x,y,dist
0.25,0.25,0
0.275,0.25,0.025
0.3,0.25,0.05
0.325,0.25,0.07500000000000001
0.35,0.25,0.1
0.375,0.25,0.125
0.4,0.25,0.15
0.425,0.25,0.175
0.45,0.25,0.2
0.475,0.25,0.225
0.5,0.25,0.25
0.5249999999999999,0.25,0.275
0.55,0.25,0.3
0.575,0.25,0.325
0.6,0.25,0.35
0.625,0.25,0.3750000000000001
0.6500000000000001,0.25,0.4000000000000001
0.675,0.25,0.4250000000000001
0.7000000000000002,0.25,0.4500000000000001
0.7250000000000001,0.25,0.4750000000000001
0.7500000000000001,0.25,0.5000000000000001
0.7750000000000001,0.25,0.5250000000000001
0.8000000000000002,0.25,0.5500000000000002
0.8250000000000002,0.25,0.5750000000000002
0.8500000000000002,0.25,0.6000000000000002
0.8750000000000002,0.25,0.6250000000000002
0.9000000000000001,0.25,0.6500000000000002
0.9250000000000003,0.25,0.6750000000000003
0.9500000000000003,0.25,0.7000000000000003
0.9750000000000003,0.25,0.7250000000000003
1,0.25,0.7500000000000003
1.025,0.25,0.7750000000000004
1.05,0.25,0.8000000000000004
1.075,0.25,0.8250000000000004
1.100000000000001,0.25,0.8500000000000004
1.125,0.25,0.8750000000000004
1.15,0.25,0.9000000000000005
1.175,0.25,0.9250000000000005
1.200000000000001,0.25,0.9500000000000005
1.225000000000001,0.25,0.9750000000000005
1.25,0.25,1
1.275,0.25,1.025
1.3,0.25,1.05
1.325,0.25,1.075
1.35,0.25,1.1
1.375,0.25,1.125
1.4,0.25,1.15
1.425,0.25,1.175
1.45,0.25,1.2
1.475,0.25,1.225
1.5,0.25,1.25
1.524999999999999,0.25,1.274999999999999
1.549999999999999,0.25,1.299999999999999
1.574999999999999,0.25,1.324999999999999
1.599999999999999,0.25,1.349999999999999
1.624999999999999,0.25,1.374999999999999
1.649999999999999,0.25,1.399999999999999
1.674999999999999,0.25,1.424999999999999
1.699999999999999,0.25,1.449999999999999
1.724999999999999,0.25,1.474999999999999
1.749999999999999,0.25,1.499999999999999
1.774999999999999,0.25,1.524999999999999
1.799999999999998,0.25,1.549999999999998
1.824999999999998,0.25,1.574999999999998
1.849999999999998,0.25,1.599999999999998
1.874999999999998,0.25,1.624999999999998
1.899999999999998,0.25,1.649999999999998
1.924999999999998,0.25,1.674999999999998
1.949999999999998,0.25,1.699999999999998
1.974999999999998,0.25,1.724999999999998
1.999999999999998,0.25,1.749999999999998
2.024999999999998,0.25,1.774999999999998
2.049999999999998,0.25,1.799999999999998
2.074999999999998,0.25,1.824999999999998
2.099999999999997,0.25,1.849999999999997
2.124999999999997,0.25,1.874999999999997
2.149999999999997,0.25,1.899999999999997
2.174999999999997,0.25,1.924999999999997
2.199999999999997,0.25,1.949999999999997
2.224999999999997,0.25,1.974999999999997
2.249999999999997,0.25,1.999999999999997
2.274999999999997,0.25,2.024999999999997
2.299999999999997,0.25,2.049999999999997
2.324999999999997,0.25,2.074999999999997
2.349999999999997,0.25,2.099999999999997
2.374999999999996,0.25,2.124999999999996
2.399999999999996,0.25,2.149999999999996
2.424999999999996,0.25,2.174999999999996
2.449999999999996,0.25,2.199999999999996
2.474999999999996,0.25,2.224999999999996
2.499999999999996,0.25,2.249999999999996
2.524946473080961,0.2516350782307533,2.274999999999996
2.549597598854553,0.2555135419861676,2.299999999999996
2.573792327356474,0.2616033564365781,2.324999999999996
2.597370706518355,0.2698683893489404,2.349999999999996
2.619792525056672,0.2809256066044155,2.374999999999996
2.640959012836657,0.2941571205136246,2.399999999999995
2.660830633338714,0.3092389836888403,2.424999999999995
2.679276019659616,0.3260732379324143,2.449999999999995
2.695759665037118,0.3448692331193888,2.474999999999995
2.7100547822146,0.3653445450581905,2.499999999999995
2.722427483302636,0.3870068686516639,2.524999999999995
2.73279756171876,0.4097133094164738,2.549999999999995
2.740833548351339,0.4333865626538511,2.574999999999995
2.745965481566055,0.4578379546593214,2.599999999999995
2.748860757582734,0.4826185195543156,2.624999999999995
2.749504164186512,0.5075649926352803,2.649999999999995
2.747869085955759,0.5325114657162453,2.674999999999994
2.743007434461608,0.5570331523684353,2.699999999999994
2.735959738775503,0.5809712173668073,2.724999999999994
2.726778520744004,0.604170100226697,2.749999999999994
2.715520232583637,0.6264758304239479,2.774999999999994
2.701630976758146,0.6472625707315116,2.799999999999994
2.685762367585196,0.6665304997968227,2.824999999999994
2.668226895609477,0.6842746683855794,2.849999999999994
2.649138637354518,0.7003774291173397,2.874999999999994
2.628351897046954,0.7142666849428299,2.899999999999994
2.606193737639993,0.7257805732096918,2.924999999999994
2.583107800573192,0.7352344665066795,2.949999999999994
2.559246123836875,0.7425672470678768,2.974999999999993
2.534726491826794,0.7474445051182801,2.999999999999993
2.509816487810399,0.749356593396223,3.024999999999993
2.484837550761724,0.75,3.049999999999993
2.459837550761724,0.75,3.074999999999993
2.434837550761724,0.75,3.099999999999993
2.409837550761724,0.75,3.124999999999993
2.384837550761724,0.75,3.149999999999993
2.359837550761724,0.75,3.174999999999993
2.334837550761725,0.75,3.199999999999993
2.309837550761725,0.75,3.224999999999993
2.284837550761725,0.75,3.249999999999992
2.259837550761725,0.75,3.274999999999992
2.234837550761725,0.75,3.299999999999992
2.209837550761725,0.75,3.324999999999992
2.184837550761725,0.75,3.349999999999992
2.159837550761725,0.75,3.374999999999992
2.134837550761725,0.75,3.399999999999992
2.109837550761725,0.75,3.424999999999992
2.084837550761725,0.75,3.449999999999992
2.059837550761725,0.75,3.474999999999992
2.034837550761726,0.75,3.499999999999992
2.009837550761726,0.75,3.524999999999991
1.984837550761726,0.75,3.549999999999991
1.959837550761726,0.75,3.574999999999991
1.934837550761726,0.75,3.599999999999991
1.909837550761726,0.75,3.624999999999991
1.884837550761726,0.75,3.649999999999991
1.859837550761726,0.75,3.674999999999991
1.834837550761726,0.75,3.699999999999991
1.809837550761726,0.75,3.724999999999991
1.784837550761726,0.75,3.749999999999991
1.759837550761727,0.75,3.774999999999991
1.734837550761726,0.75,3.79999999999999
1.709837550761726,0.75,3.82499999999999
1.684837550761727,0.75,3.84999999999999
1.659837550761727,0.75,3.87499999999999
1.634837550761727,0.75,3.89999999999999
1.609837550761727,0.75,3.92499999999999
1.584837550761727,0.75,3.94999999999999
1.559837550761727,0.75,3.97499999999999
1.534837550761727,0.75,3.99999999999999
1.509837550761727,0.75,4.02499999999999
1.484837550761727,0.75,4.04999999999999
1.459837550761726,0.75,4.07499999999999
1.434837550761726,0.75,4.099999999999991
1.409837550761726,0.75,4.124999999999991
1.384837550761725,0.75,4.149999999999991
1.359837550761725,0.75,4.174999999999992
1.334837550761725,0.75,4.199999999999992
1.309837550761724,0.75,4.224999999999993
1.284837550761724,0.75,4.249999999999993
1.259837550761724,0.75,4.274999999999993
1.234837550761723,0.75,4.299999999999994
1.209837550761723,0.75,4.324999999999994
1.184837550761723,0.75,4.349999999999994
1.159837550761722,0.75,4.374999999999995
1.134837550761722,0.75,4.399999999999995
1.109837550761722,0.75,4.424999999999995
1.084837550761721,0.75,4.449999999999996
1.059837550761721,0.75,4.474999999999996
1.03483755076172,0.75,4.499999999999996
1.00983755076172,0.75,4.524999999999997
0.9848375507617195,0.75,4.549999999999997
0.9598375507617192,0.75,4.574999999999998
0.9348375507617188,0.75,4.599999999999998
0.9098375507617185,0.75,4.624999999999998
0.8848375507617181,0.75,4.649999999999999
0.8598375507617178,0.75,4.674999999999999
0.8348375507617174,0.75,4.699999999999999
0.809837550761717,0.75,4.725
0.7848375507617167,0.75,4.75
0.7598375507617163,0.75,4.775
0.734837550761716,0.75,4.800000000000001
0.7098375507617156,0.75,4.825000000000001
0.6848375507617153,0.75,4.850000000000001
0.6598375507617149,0.75,4.875000000000002
0.6348375507617146,0.75,4.900000000000002
0.6098375507617142,0.75,4.925000000000002
0.5848375507617138,0.75,4.950000000000003
0.5598375507617135,0.75,4.975000000000003
0.5348375507617131,0.75,5.000000000000004
0.5098375507617128,0.75,5.025000000000004
0.4848700147294223,0.7509916716269773,5.050000000000004
0.4600509261277496,0.753594331040216,5.075000000000005
0.4355312941176684,0.7584715890906193,5.100000000000005
0.4118498926228456,0.7664771660124212,5.125000000000005
0.3890305060649467,0.7765745691630574,5.150000000000006
0.3672206116811848,0.7886916701446016,5.175000000000006
0.3465656289320311,0.8027526357632759,5.200000000000006
0.3277696337450563,0.8192362811407776,5.225000000000007
0.3107266828884465,0.8374729708486446,5.250000000000007
0.2954106681544215,0.8571649205403506,5.275000000000007
0.2819235541387202,0.8781838375300486,5.300000000000008
0.2708663368832449,0.9006056560683662,5.325000000000008
0.2623286287053952,0.9240710894371584,5.350000000000009
0.2559537293798948,0.9481894296770257,5.375000000000009
0.2517826490210411,0.9728020317439401,5.400000000000009
0.2501475707902875,0.9977485048249055,5.42500000000001
0.2514875074404661,1.022694977905871,5.45000000000001
0.2550733545924421,1.047384627386142,5.47500000000001
0.2608780841677642,1.071655744150118,5.500000000000011
0.2689140708003434,1.095328997387496,5.525000000000011
0.2799276590701165,1.117768887643404,5.550000000000011
0.2929035728728357,1.139082946213677,5.575000000000012
0.3077512844892449,1.159134237526084,5.600000000000012
0.3243768421197853,1.17778832046002,5.625000000000012
0.34317283730676,1.194271965837522,5.650000000000013
0.3634684784352121,1.208801234573813,5.675000000000013
0.3849832312383991,1.221429535768339,5.700000000000014
0.4075767262101218,1.232072289449948,5.725000000000014
0.4312499794474999,1.240108276082527,5.750000000000014
0.4556249831909169,1.245525294172331,5.775000000000015
0.4803670243792332,1.248713186792448,5.800000000000015
0.5053248984765837,1.25,5.825000000000015
0.530324898476584,1.25,5.850000000000016
0.5553248984765844,1.25,5.875000000000016
0.5803248984765847,1.25,5.900000000000016
0.6053248984765851,1.25,5.925000000000017
0.6303248984765855,1.25,5.950000000000017
0.6553248984765858,1.25,5.975000000000017
0.6803248984765862,1.25,6.000000000000018
0.7053248984765865,1.25,6.025000000000018
0.7303248984765869,1.25,6.050000000000018
0.7553248984765872,1.25,6.075000000000019
0.7803248984765876,1.25,6.100000000000019
0.805324898476588,1.25,6.12500000000002
0.8303248984765883,1.25,6.15000000000002
0.8553248984765887,1.25,6.17500000000002
0.880324898476589,1.25,6.200000000000021
0.9053248984765894,1.25,6.225000000000021
0.9303248984765897,1.25,6.250000000000021
0.9553248984765901,1.25,6.275000000000022
0.9803248984765904,1.25,6.300000000000022
1.005324898476591,1.25,6.325000000000022
1.030324898476591,1.25,6.350000000000023
1.055324898476591,1.25,6.375000000000023
1.080324898476592,1.25,6.400000000000023
1.105324898476592,1.25,6.425000000000024
1.130324898476593,1.25,6.450000000000024
1.155324898476593,1.25,6.475000000000025
1.180324898476593,1.25,6.500000000000025
1.205324898476594,1.25,6.525000000000025
1.230324898476594,1.25,6.550000000000026
1.255324898476594,1.25,6.575000000000026
1.280324898476595,1.25,6.600000000000026
1.305324898476595,1.25,6.625000000000027
1.330324898476595,1.25,6.650000000000027
1.355324898476596,1.25,6.675000000000027
1.380324898476596,1.25,6.700000000000028
1.405324898476596,1.25,6.725000000000028
1.430324898476597,1.25,6.750000000000028
1.455324898476597,1.25,6.775000000000029
1.480324898476598,1.25,6.800000000000029
1.505324898476598,1.25,6.825000000000029
1.530324898476598,1.25,6.85000000000003
1.555324898476599,1.25,6.87500000000003
1.580324898476599,1.25,6.900000000000031
1.605324898476599,1.25,6.925000000000031
1.6303248984766,1.25,6.950000000000031
1.6553248984766,1.25,6.975000000000032
1.6803248984766,1.25,7.000000000000032
1.705324898476601,1.25,7.025000000000032
1.730324898476601,1.25,7.050000000000033
1.755324898476601,1.25,7.075000000000033
1.780324898476602,1.25,7.100000000000033
1.805324898476602,1.25,7.125000000000034
1.830324898476603,1.25,7.150000000000034
1.855324898476603,1.25,7.175000000000034
1.880324898476603,1.25,7.200000000000035
1.905324898476604,1.25,7.225000000000035
1.930324898476604,1.25,7.250000000000036
1.955324898476604,1.25,7.275000000000036
1.980324898476605,1.25,7.300000000000036
2.005324898476605,1.25,7.325000000000037
2.030324898476605,1.25,7.350000000000037
2.055324898476606,1.25,7.375000000000037
2.080324898476606,1.25,7.400000000000038
2.105324898476606,1.25,7.425000000000038
2.130324898476607,1.25,7.450000000000038
2.155324898476607,1.25,7.475000000000039
2.180324898476607,1.25,7.500000000000039
2.205324898476608,1.25,7.525000000000039
2.230324898476608,1.25,7.55000000000004
2.255324898476609,1.25,7.57500000000004
2.280324898476609,1.25,7.600000000000041
2.305324898476609,1.25,7.625000000000041
2.33032489847661,1.25,7.650000000000041
2.35532489847661,1.25,7.675000000000042
2.38032489847661,1.25,7.700000000000042
2.405324898476611,1.25,7.725000000000042
2.430324898476611,1.25,7.750000000000043
2.455324898476611,1.25,7.775000000000043
2.480324898476612,1.25,7.800000000000043
2.505313497460227,1.250348265023203,7.825000000000044
2.530259970541192,1.251983343253957,7.850000000000044
2.554820180900061,1.256552378144674,7.875000000000044
2.578834634160486,1.263314988955696,7.900000000000045
2.602146462813463,1.272223531721713,7.925000000000045
2.62456828135178,1.283280748977188,7.950000000000045
2.645386504108562,1.297115475601086,7.975000000000046
2.664834103984221,1.312749933215233,8.000000000000046
2.682786969186008,1.330076708577922,8.025000000000047
2.699123881476572,1.348985296022533,8.050000000000047
2.713013137302062,1.369772036330096,8.075000000000047
2.72478262567541,1.391782624946774,8.100000000000048
2.734509194237879,1.414755616220489,8.125000000000048
2.742127059674159,1.438540904694753,8.150000000000048
2.747004317724563,1.463060536704833,8.175000000000049
2.749209022605938,1.487932017014552,8.200000000000049
2.749155899163308,1.512878490095516,8.22500000000005
2.746845856353504,1.537736102403866,8.25000000000005
2.741968598303101,1.562255734413947,8.27500000000005
2.734248106256384,1.586013524170822,8.30000000000005
2.724423378371231,1.608945856521808,8.32500000000005
2.712561877496174,1.630903321695855,8.350000000000051
2.698672621670684,1.651690062003419,8.375000000000052
2.682251418058803,1.670533970442331,8.400000000000052
2.664223424963968,1.687785617911973,8.425000000000052
2.64471114608261,1.703335784204803,8.450000000000053
2.623839799883198,1.717078498326992,8.475000000000053
2.601417981344881,1.728135715582466,8.500000000000053
2.578065493769176,1.736946099025799,8.525000000000054
2.554023541791362,1.743606083226384,8.550000000000054
2.529449463431125,1.748069780188673,8.575000000000054
2.504502990350159,1.749704858419427,8.600000000000055
2.479512652285099,1.75,8.625000000000055
2.454512652285098,1.75,8.650000000000055
2.429512652285098,1.75,8.675000000000056
2.404512652285097,1.75,8.700000000000056
2.379512652285097,1.75,8.725000000000056
2.354512652285097,1.75,8.750000000000057
2.329512652285096,1.75,8.775000000000057
2.304512652285096,1.75,8.800000000000058
2.279512652285096,1.75,8.825000000000058
2.254512652285095,1.75,8.850000000000058
2.229512652285095,1.75,8.875000000000059
2.204512652285095,1.75,8.900000000000059
2.179512652285094,1.75,8.92500000000006
2.154512652285094,1.75,8.95000000000006
2.129512652285094,1.75,8.97500000000006
2.104512652285093,1.75,9.00000000000006
2.079512652285093,1.75,9.02500000000006
2.054512652285092,1.75,9.050000000000061
2.029512652285092,1.75,9.075000000000061
2.004512652285092,1.75,9.100000000000062
1.979512652285091,1.75,9.125000000000062
1.954512652285091,1.75,9.150000000000063
1.929512652285091,1.75,9.175000000000063
1.90451265228509,1.75,9.200000000000063
1.87951265228509,1.75,9.225000000000064
1.85451265228509,1.75,9.250000000000064
1.829512652285089,1.75,9.275000000000064
1.804512652285089,1.75,9.300000000000065
1.779512652285089,1.75,9.325000000000065
1.754512652285088,1.75,9.350000000000065
1.729512652285088,1.75,9.375000000000066
1.704512652285088,1.75,9.400000000000066
1.679512652285087,1.75,9.425000000000066
1.654512652285087,1.75,9.450000000000067
1.629512652285086,1.75,9.475000000000067
1.604512652285086,1.75,9.500000000000068
1.579512652285086,1.75,9.525000000000068
1.554512652285085,1.75,9.550000000000068
1.529512652285085,1.75,9.575000000000069
1.504512652285085,1.75,9.600000000000069
1.479512652285084,1.75,9.62500000000007
1.454512652285084,1.75,9.65000000000007
1.429512652285084,1.75,9.67500000000007
1.404512652285083,1.75,9.70000000000007
1.379512652285083,1.75,9.72500000000007
1.354512652285083,1.75,9.750000000000071
1.329512652285082,1.75,9.775000000000071
1.304512652285082,1.75,9.800000000000072
1.279512652285081,1.75,9.825000000000072
1.254512652285081,1.75,9.850000000000072
1.229512652285081,1.75,9.875000000000073
1.20451265228508,1.75,9.900000000000073
1.17951265228508,1.75,9.925000000000074
1.15451265228508,1.75,9.950000000000074
1.129512652285079,1.75,9.975000000000074
1.104512652285079,1.75,10.00000000000007
1.079512652285079,1.75,10.02500000000007
1.054512652285078,1.75,10.05000000000008
1.029512652285078,1.75,10.07500000000008
1.004512652285078,1.75,10.10000000000008
0.9795126522850772,1.75,10.12500000000008
0.9545126522850769,1.75,10.15000000000008
0.9295126522850765,1.75,10.17500000000008
0.9045126522850762,1.75,10.20000000000008
0.8795126522850758,1.75,10.22500000000008
0.8545126522850754,1.75,10.25000000000008
0.8295126522850751,1.75,10.27500000000008
0.8045126522850747,1.75,10.30000000000008
0.7795126522850744,1.75,10.32500000000008
0.754512652285074,1.75,10.35000000000008
0.7295126522850737,1.75,10.37500000000008
0.7045126522850733,1.75,10.40000000000008
0.679512652285073,1.75,10.42500000000008
0.6545126522850726,1.75,10.45000000000008
0.6295126522850722,1.75,10.47500000000008
0.6045126522850719,1.75,10.50000000000008
0.5795126522850715,1.75,10.52500000000008
0.5545126522850712,1.75,10.55000000000008
0.5295126522850708,1.75,10.57500000000008
0.5045126522850705,1.75,10.60000000000008
0.4795565172691657,1.751339936650183,10.62500000000008
0.4548283440822184,1.754633167198727,10.65000000000008
0.4304808390561903,1.760152811898967,10.67500000000008
0.4068075858188128,1.768188798531546,10.70000000000008
0.3842547497698202,1.778929711535839,10.72500000000008
0.3627931204092639,1.791650025232074,10.75000000000009
0.3425621582865107,1.80626358528968,10.77500000000009
0.3237661630995364,1.822747230667181,10.80000000000009
0.3072157333620427,1.841476441494165,10.82500000000009
0.2924523130669502,1.861592411812271,10.85000000000009
0.2795684117659393,1.882959593825173,10.87500000000009
0.2686529828188509,1.90544014300381,10.90000000000009
0.2606169961862719,1.929113396241187,10.92500000000009
0.2549148932213849,1.953412011722551,10.95000000000009
0.2514343839978365,1.978115529204189,10.97500000000009
0.2502006942329171,2.003062002285154,11.00000000000009
0.2518357724636707,2.028008475366118,11.02500000000009
0.2561121907509514,2.052607209431664,11.05000000000009
0.2625897166868862,2.076698050954143,11.07500000000009
0.2712255841874195,2.100122825400205,11.10000000000009
0.282282801442895,2.122544643938523,11.12500000000009
0.2958619279603034,2.143510437485592,11.15000000000009
0.3112622340156438,2.163137708171599,11.17500000000009
0.3283803127652999,2.181299269986419,11.20000000000009
0.3471763079522751,2.197782915363922,11.22500000000009
0.3678959697071262,2.21175958966128,11.25000000000009
0.389758987533517,2.223784678141117,11.27500000000009
0.4126190330141442,2.233783921969069,11.30000000000009
0.4363279332263542,2.241686872280437,11.32500000000009
0.4608475652364347,2.24656413033084,11.35000000000009
0.4856805218394748,2.249061451815652,11.37500000000009
0.51064979695321,2.25,11.40000000000009
0.5356497969532104,2.25,11.42500000000009
0.5606497969532107,2.25,11.4500000000001
0.5856497969532111,2.25,11.4750000000001
0.6106497969532114,2.25,11.5000000000001
0.6356497969532118,2.25,11.5250000000001
0.6606497969532121,2.25,11.5500000000001
0.6856497969532125,2.25,11.5750000000001
0.7106497969532128,2.25,11.6000000000001
0.7356497969532132,2.25,11.6250000000001
0.7606497969532136,2.25,11.6500000000001
0.7856497969532139,2.25,11.6750000000001
0.8106497969532143,2.25,11.7000000000001
0.8356497969532146,2.25,11.7250000000001
0.860649796953215,2.25,11.7500000000001
0.8856497969532153,2.25,11.7750000000001
0.9106497969532157,2.25,11.8000000000001
0.935649796953216,2.25,11.8250000000001
0.9606497969532164,2.25,11.8500000000001
0.9856497969532168,2.25,11.8750000000001
1.010649796953217,2.25,11.9000000000001
1.035649796953217,2.25,11.9250000000001
1.060649796953218,2.25,11.9500000000001
1.085649796953218,2.25,11.9750000000001
1.110649796953219,2.25,12.0000000000001
1.135649796953219,2.25,12.0250000000001
1.160649796953219,2.25,12.0500000000001
1.18564979695322,2.25,12.0750000000001
1.21064979695322,2.25,12.1000000000001
1.23564979695322,2.25,12.1250000000001
1.260649796953221,2.25,12.15000000000011
1.285649796953221,2.25,12.17500000000011
1.310649796953221,2.25,12.20000000000011
1.335649796953222,2.25,12.22500000000011
1.360649796953222,2.25,12.25000000000011
1.385649796953222,2.25,12.27500000000011
1.410649796953223,2.25,12.30000000000011
1.435649796953223,2.25,12.32500000000011
1.460649796953224,2.25,12.35000000000011
1.485649796953224,2.25,12.37500000000011
1.510649796953224,2.25,12.40000000000011
1.535649796953225,2.25,12.42500000000011
1.560649796953225,2.25,12.45000000000011
1.585649796953225,2.25,12.47500000000011
1.610649796953226,2.25,12.50000000000011
1.635649796953226,2.25,12.52500000000011
1.660649796953226,2.25,12.55000000000011
1.685649796953227,2.25,12.57500000000011
1.710649796953227,2.25,12.60000000000011
1.735649796953227,2.25,12.62500000000011
1.760649796953228,2.25,12.65000000000011
1.785649796953228,2.25,12.67500000000011
1.810649796953228,2.25,12.70000000000011
1.835649796953229,2.25,12.72500000000011
1.860649796953229,2.25,12.75000000000011
1.88564979695323,2.25,12.77500000000011
1.91064979695323,2.25,12.80000000000011
1.93564979695323,2.25,12.82500000000011
1.960649796953231,2.25,12.85000000000012
1.985649796953231,2.25,12.87500000000012
2.010649796953231,2.25,12.90000000000012
2.035649796953232,2.25,12.92500000000012
2.060649796953232,2.25,12.95000000000012
2.085649796953232,2.25,12.97500000000012
2.110649796953233,2.25,13.00000000000012
2.135649796953233,2.25,13.02500000000012
2.160649796953233,2.25,13.05000000000012
2.185649796953234,2.25,13.07500000000012
2.210649796953234,2.25,13.10000000000012
2.235649796953235,2.25,13.12500000000012
2.260649796953235,2.25,13.15000000000012
2.285649796953235,2.25,13.17500000000012
2.310649796953236,2.25,13.20000000000012
2.335649796953236,2.25,13.22500000000012
2.360649796953236,2.25,13.25000000000012
2.385649796953237,2.25,13.27500000000012
2.410649796953237,2.25,13.30000000000012
2.435649796953237,2.25,13.32500000000012
2.460649796953238,2.25,13.35000000000012
2.485649796953238,2.25,13.37500000000012
2.510649796953238,2.25,13.40000000000012
2.535649796953239,2.25,13.42500000000012
2.560649796953239,2.25,13.45000000000012
2.585649796953239,2.25,13.47500000000012
2.61064979695324,2.25,13.50000000000012
2.63564979695324,2.25,13.52500000000012
2.660649796953241,2.25,13.55000000000013
2.685649796953241,2.25,13.57500000000013
2.710649796953241,2.25,13.60000000000013
2.735649796953242,2.25,13.62500000000013
2.75,2.25,13.63935020304688
